parent	node	branch.length	label	TIME	FSC-A	FSC-H	FSC-W	SSC-A	SSC-H	SSC-W	CD38-	CD20-	CD10-	CD19-	CD34-	CD45-	identifier	selected	d.fsc-A	d.fsc-H	d.fsc-W	d.ssc-A	d.ssc-H	d.ssc-W	d.cd38-	d.cd20-	d.cd10-	d.cd19-	d.cd34-	d.cd45-	chr1.p36.33	chr1.p12	chr1.q44	chr2.p23.3	chr2.q36.1	chr3.q13.2	chr4.q31.21	chr5.p12	chr5.p11	chr5.q22.1	chr5.q33.3	chr6.p22.1	chr6.q16.3	chr6.q21	chr6.q22.1	chr6.q22.31	chr6.q22.32	chr6.q22.33	chr7.q34	chr10.p13	chr10.q25.1	chr11.p15.4	chr11.p12	chr11.p11.2	chr12.p11.1	chr12.q11	chr14.q11.2	chr14.q32.33	chr16.p13.13	chr16.p13.12	chr16.q12.2	chr17.q12	chr17.q21.31	chr20.q11.1	chr20.q13.12	chr22.q12.1	G-CTLA4	G-OR10Z1	G-PLCG1	G-KCNG4	G-TANC1	G-MUC16	G-KIAA1217	G-PCSK5	G-DYM	G-CNOT3	G-SSH1	G-JAK2	G-MYO18B	G-PENK	G-OBSCN	G-PELP1.2	G-PELP1	G-SULF2	G-USP2	G-JAK2.2	G-USH2A	PELP1 (mapped)	PELP1.2 (mapped)	SULF2 (mapped)	USH2A (mapped)	JAK2.2 (mapped)	OBSCN (mapped)	chr5:132603260 (mapped)	PENK (mapped)	MYO18B (mapped)	JAK2 (mapped)	SSH1 (mapped)	OR10Z1 (mapped)	TANC1 (mapped)	CTLA4 (mapped)	PCSK5 (mapped)	KIAA1217 (mapped)	chr11:28330507 (mapped)	KCNG4 (mapped)	DYM (mapped)	MUC16 (mapped)	CNOT3 (mapped)	PLCG1 (mapped)
1	93	1	8.21240208606052	4295_C4	773.2007	4.39408297336701	4.27185812643359	1.33300084589751	3.95247066961612	3.84521457228274	1.33300084589751	0.781675382275163	2.62070249446354	2.71319389411211	2.31732105607756	2.64353109931886	2.4360119361645	4295	Selected	2	2	4	2	2	4	2	5	1	2	5	3	0	0	0	0	0	0	0.842857142857143	0.5	0.307692307692308	0.9	0.916666666666667	1	0.917800453514739	0.88467130299808	0.857142857142857	0.921392554325404	0.866666666666667	0.897463768115942	0	0	0.8	0.25	0	0	0	0.0833333333333333	1	0.5	0	0	0	0	0	0	0	0.75	0.184	0.40952380952381	0.539325842696629	0.668918918918919	0.404109589041096	0.536231884057971	0.550561797752809	0.552631578947368	0.714285714285714	0.571428571428571	0.161290322580645	0.540540540540541	0.255813953488372	0.628571428571429	0.436363636363636	0	0	0	0	0	0	0	0	0	0	0	1	1	1	1	1	1	1	1	1	1	1	1	1	1	1	1	1
2	93	2	8.21036892601254	4295_H6	796.2943	4.44697640452678	4.33814354195886	1.34352470688027	4.05874329015583	3.89066936220957	1.34352470688027	1.20901821146241	1.31089985073577	2.85991806388743	2.41423202831661	2.59855329437662	2.55990211930411	4295	Selected	4	3	5	5	4	5	5	2	2	4	4	4	0	0	0	0	0	0	0.821428571428571	1	0.461538461538462	1	1	0.75	0.830215419501134	0.829092325189185	0.827134646962233	0.879368891135827	0.975	0.989130434782609	0.571428571428571	1	0.6	0.75	0.0787037037037037	0	0	0.166666666666667	1	0.5	0	0	0	0	0	1	0	1	0.404580152671756	0.520833333333333	0.375	0.375722543352601	0.339622641509434	0.866666666666667	0.483870967741935	0.448979591836735	0.1	0.4	0.872340425531915	0.264705882352941	0.535714285714286	0.357142857142857	1	0	0.010752688172043	0	0	0	0	0	0	0	0	0	1	1	1	1	1	1	1	1	1	1	1	1	1	1	1	1	1
3	94	3	8.17276175210621	4295_G1	712.8286	4.34015453402863	4.22289344013439	1.31571717812745	3.93876119880752	3.77740385687946	1.31571717812745	0.826107351935773	2.74220468603308	3.22399636039551	2.21733855560983	2.51497642925459	2.66502647648994	4295	Selected	1	1	2	2	1	2	2	5	6	1	3	5	0	0.5	0	0	1	0	0.759523809523809	0	0.461538461538462	0.9	0.863636363636364	0.75	0.80062358276644	0.788472175573831	0.801989541898264	0.782739393364356	0.716666666666667	0.914855072463768	0.571428571428571	0	0.2	0	0.0444444444444444	0	0.5	0.0833333333333333	1	0.5	0	0	0	0	1	0	0	1	0.5	0.626373626373626	0.377777777777778	0.529976019184652	0.541666666666667	0.577777777777778	0.572463768115942	0.363636363636364	0.407407407407407	0.117647058823529	0.493150684931507	0.456521739130435	0.609756097560976	0.423076923076923	0.271186440677966	0	0	0	0	0	0	0	0	0	0	0	1	1	1	1	1	1	1	1	1	1	1	1	1	1	1	1	1
4	95	4	7.9725629144731	4295_E8	841.3176	4.47650274516071	4.36817146494773	1.35179528227518	3.86300698772584	3.6890254296315	1.35179528227518	0.971400185532392	1.9095891241325	2.89194598117554	2.53544934757563	2.39211589204469	2.27428048155993	4295	Selected	5	4	6	1	1	6	4	3	2	5	2	2	0	0	0	0	0	0	0.938095238095238	0	0.0769230769230769	1	0.916666666666667	0.75	0.962301587301587	0.89373572569876	1	0.89108717130263	0.925	0.875	0	0	1	0	0	0.0662337662337662	0	0.0416666666666667	1	0.5	0	0	0	0	0	0	0	1	0.638157894736842	0.532710280373832	0.48695652173913	0.389204545454545	0.82089552238806	0.470588235294118	0.443548387096774	0.442622950819672	0.620689655172414	1	0.408450704225352	0.358490566037736	0.45360824742268	0.580645161290323	0.961538461538462	0	0	0	0	0	0	0	0	0	0	0	1	1	1	1	1	1	1	1	1	1	1	1	1	1	1	1	1
5	95	5	7.9722419316845	4295_B10	884.4856	4.52499151063205	4.44761271071485	1.34973979800587	4.09770755016586	3.9692202587097	1.34973979800587	0.927152954240217	1.60507073645501	2.9461183461289	2.57126129189747	2.56383868478925	2.46364162956496	4295	Selected	6	6	6	6	5	6	3	3	3	5	4	3	0	0	0	0	0	0	0.807142857142857	0	0.307692307692308	1	1	0.75	0.924603174603175	0.912364148727891	0.842528735632184	0.868373738103263	0.925	0.947463768115942	0.428571428571429	0	0.8	0	0	0.0181818181818182	0	0.125	1	0.5	0	0	0	0	1	0	0	1	0.614814814814815	0.5	0	0.408333333333333	0.349315068493151	0.0384615384615385	0.538461538461538	0.325581395348837	0.571428571428571	0.4	0.660869565217391	0.5	0.732142857142857	0.5	0.592592592592593	0	0	0	0	0	0	0	0	0	0	0	1	1	1	1	1	1	1	1	1	1	1	1	1	1	1	1	1
6	117	6	7.85986381155411	4295_D8	843.8124	4.44270524859454	4.3844779276245	1.32009076155286	4.10428656233156	3.99981130141806	1.32009076155286	0.607212405400398	3.09817121092232	3.05033673412009	2.50736594443866	3.08112633874567	2.68881052782848	4295	Selected	4	5	3	6	6	3	1	6	4	4	6	5	0	1	0	0	0	0	0.718367346938775	0	0.230769230769231	0.9	1	0.75	0.851643990929705	0.831205503722904	0.842528735632184	0.854013180938031	0.733333333333333	0.875724637681159	0.428571428571429	0	1	0.25	0.0185185185185185	0.0272727272727273	0.5	0.0416666666666667	1	1	0	0	0	0	0	0	0	0.75	0.389830508474576	0.404761904761905	0.523809523809524	0.38860103626943	0.323529411764706	0.476744186046512	0.419354838709677	0.673913043478261	0.761904761904762	0.227272727272727	0.555555555555556	0.363636363636364	0.625	0	1	0	0	0	0	0	0	0	0	0	0	0	1	1	1	1	1	1	1	1	1	1	1	1	1	1	1	1	1
7	117	7	7.85981033853227	4295_G4	763.3969	4.49763303706204	4.40674107082923	1.34352470688027	4.24754938469436	4.15715026934943	1.34352470688027	0.712435377585258	0.662676683881701	2.74470494398545	2.33021339767352	2.57032389825264	2.45233356934086	4295	Selected	6	6	5	6	6	5	1	1	1	3	4	3	0	0	0	0	0	0	0.821428571428571	0.25	0	1	0.954545454545455	0.75	0.860827664399093	0.922494597668601	0.823809523809524	0.888650647316561	0.791666666666667	1	0.571428571428571	0	0.6	0.75	0.0113378684807256	0	0	0.125	1	0.5	0	0	1	0	0	0	0	1	0.397590361445783	0.518518518518518	0.342105263157895	0.673611111111111	0.450980392156863	0.392405063291139	0.533333333333333	0.411764705882353	0.444444444444444	1	0.43421052631579	0.466666666666667	0.487179487179487	0.333333333333333	0.4	0	0	0	0.710526315789474	0	0.00900900900900901	0	0	0	0	0	1	1	1	1	1	1	1	1	1	1	1	1	1	1	1	1	1
8	118	8	7.82766181853806	4295_F7	830.2371	4.36291626177666	4.25987308989126	1.31790842725964	3.83810253590149	3.69508472669955	1.31790842725964	0.930293829650715	2.78042216691333	2.74083822436456	2.2041793829832	1.96458349384772	2.58247411647099	4295	Selected	2	2	2	1	1	2	3	5	1	1	1	4	0	0	0	0	0	0	0.746031746031746	0	0.307692307692308	0.8	0.954545454545455	0.75	0.798639455782313	0.807016625103056	0.797604559065005	0.849747313822732	0.758333333333333	0.865760869565217	0	0	0.2	0.25	0.0893046107331822	0	0.5	0.0416666666666667	1	1	0	0	0	0	0	0	0	1	0.580645161290323	0.558139534883721	0.488095238095238	0.236842105263158	0.528735632183908	0.561904761904762	0.517241379310345	0.444444444444444	0.285714285714286	0.533333333333333	0.460431654676259	0.696969696969697	0.576271186440678	0.521739130434783	0.723404255319149	0	0	0	0	0	0	0	0	0	0	0	1	1	1	1	1	1	1	1	1	1	1	1	1	1	1	1	1
9	118	9	7.82884280114901	4295_F9	864.0363	4.46326868304948	4.40572978181059	1.32658486623186	4.00671637382131	3.93532339350581	1.32658486623186	0.681787858099087	1.0500145021562	3.10143244798048	2.24525404605631	2.67504526958595	2.72795519175248	4295	Selected	5	5	3	4	5	3	1	1	5	2	5	6	1	0	0	0	0	0	0.914285714285714	0	0.538461538461538	0.8	1	1	0.972222222222222	0.892331034267532	0.852216748768473	0.961313335580272	0.95	0.947463768115942	0.571428571428571	0	0.8	0.25	0.0222222222222222	0.00444444444444444	0	0.208333333333333	1	0.5	0	0.037037037037037	0	0	0	0	0	1	0.661654135338346	0.532258064516129	0.550847457627119	0.600985221674877	0.503448275862069	0.443396226415094	0.486842105263158	0.28735632183908	0.444444444444444	0.307692307692308	0.868852459016393	0.659090909090909	0.913793103448276	0.407407407407407	0.532467532467532	0	0	0	0	0	0	0	0	0	0	0	1	1	1	1	1	1	1	1	1	1	1	1	1	1	1	1	1
10	121	10	7.87459058623818	4295_B2	738.5519	4.42804353197051	4.39528225132152	1.30462510311861	3.96474644542796	3.82062226007055	1.30462510311861	1.16068748644818	0.899117231959047	2.84836750845485	2.32898854074078	2.54712067115597	2.27587822150656	4295	Selected	3	5	1	3	2	1	5	1	2	3	4	2	0	0	1	0	1	0	0.911111111111111	0	0.153846153846154	0.9	1	0.75	0.876417233560091	0.93262026736968	0.990311986863711	0.890937214117194	0.866666666666667	1	0.571428571428571	0	1	0.25	0	0.00444444444444444	0	0.375	0.909090909090909	1	0	0	0	0	0	0	0	0.75	0.625	0.67948717948718	0.729411764705882	0.451754385964912	0.50561797752809	0.532608695652174	0.531645569620253	0.449275362318841	0.642857142857143	0.0833333333333333	0.584745762711864	0.6	0.666666666666667	0.454545454545455	0.476190476190476	0	0.0144927536231884	0	0	0	0	0	0	0	0	0	1	1	1	1	1	1	1	1	1	1	1	1	1	1	1	1	1
11	121	11	7.87479543098169	4295_D2	735.1541	4.58629037463764	4.48384294750054	1.36994004769828	4.07068449041776	3.92131824672897	1.36994004769828	1.32802606089038	2.91189700056614	3.25801370056014	2.49823502541675	2.98447659316686	2.31395925497948	4295	Selected	6	6	6	5	4	6	6	6	6	4	6	3	0	0	0	0	0	0	0.84047619047619	0	0.153846153846154	0.9	0.75	0.75	0.922335600907029	0.931555225968504	0.844991789819376	0.741095797941691	0.891666666666667	0.939130434782609	0.285714285714286	0	1	0.25	0	0	0.5	0.458333333333333	1	1	0	0	0	0	0	0	0	0.75	0.428571428571429	0.805555555555556	0.418181818181818	0.360544217687075	0.492753623188406	0.473684210526316	0.553191489361702	0.411764705882353	0.5	0.666666666666667	0.444444444444444	0.266666666666667	0.551724137931034	0.5	0.3	0	0	0	0	0	0	0	0	0	0	0	1	1	1	1	1	1	1	1	1	1	1	1	1	1	1	1	1
12	122	12	7.77287213574321	4295_C9	855.9624	4.46766089897122	4.36536620144641	1.34560456381557	4.02824390708727	3.91736026294409	1.34560456381557	1.02238193492093	1.2418735427396	3.36618254198548	2.48906468721152	2.81638045939223	2.02892548436191	4295	Selected	5	4	5	4	4	5	4	2	6	4	6	1	0	0	1	0	0	0	0.914285714285714	0	0.0769230769230769	0.9	1	0.75	0.932256235827664	0.930553152435063	0.84991789819376	0.909265010351967	1	0.947463768115942	0.571428571428571	0	0.6	0.5	0	0	0	0.208333333333333	0.909090909090909	1	0	0	0	0	0	0	0	1	0.784313725490196	0.180722891566265	0.24	0.56221198156682	0.648936170212766	0.341269841269841	0.504201680672269	0.290322580645161	0.68	0.0833333333333333	0.504950495049505	0.423076923076923	0.528089887640449	0.413793103448276	0.818181818181818	0	0	0	0.683333333333333	0	0	0	0	0	0	0	1	1	1	1	1	1	1	1	1	1	1	1	1	1	1	1	1
13	122	13	7.77463658907049	4295_D6	809.0679	4.48306902790357	4.3916216594647	1.34560456381557	3.93422228395019	3.79787556999181	1.34560456381557	0.948312290045361	0.970949144639416	3.03175141401519	2.28395772593558	2.49699751715968	2.38959740561162	4295	Selected	5	5	5	2	1	5	3	1	4	2	3	3	0.5	0	0	0	0	0	0.859523809523809	0	0.230769230769231	0.9	0.954545454545455	0.5	0.874149659863946	0.715798356419065	0.986110306191442	0.881645816398686	0.925	1	0	0	0.8	0	0	0	0.5	0	1	1	0	0	1	0	0	0	0	1	0.795454545454545	0.36	0.46875	0.433566433566434	0.454545454545455	0.0882352941176471	0.5375	0.62962962962963	0.636363636363636	0.7	0.666666666666667	0.318181818181818	0.8	0.4	0.633333333333333	0	0	0	0	0	0	0	0	0	0	0	1	1	1	1	1	1	1	1	1	1	1	1	1	1	1	1	1
14	124	14	7.63253891118245	4295_G6	798.4619	4.3871341811121	4.33530494765166	1.30462510311861	4.05778508004918	3.98841735954422	1.30462510311861	1.31470062872825	0.996622079774431	2.9766966262775	2.22709091781143	2.56317362961656	2.60116268766312	4295	Selected	2	3	1	5	6	1	6	1	4	1	4	4	0	0	0	0	0	0	0.79047619047619	0	0	0.9	1	0.75	0.802607709750567	0.914265516562474	0.852216748768473	0.890426731865648	0.816666666666667	0.989130434782609	0	0	1	0	0.0185185185185185	0.0666666666666667	0	0.0416666666666667	1	1	0	0	0	0	0	0	0	1	0.365384615384615	0.428571428571429	0.444444444444444	0.496932515337423	0.585714285714286	0.557894736842105	0.678571428571429	0.387755102040816	0.142857142857143	0.6	0.818181818181818	0.333333333333333	0.365384615384615	0.448275862068966	0.393939393939394	0	0	0	0	0	0	0	0	0	0	0	1	1	1	1	1	1	1	1	1	1	1	1	1	1	1	1	1
15	124	15	7.63058947761641	4295_E11	897.7262	4.49144600652254	4.42573904822061	1.33512241221988	3.94448889286177	3.86898104484549	1.33512241221988	1.19327980508039	2.58209616361314	2.89827351796439	2.14799284729132	2.92045340143781	2.56071146807799	4295	Selected	6	6	4	2	3	4	5	4	3	1	6	4	1	0	0	0	0	0	0.761904761904762	0.5	0.0769230769230769	1	1	1	0.944444444444444	0.901128075351172	0.84991789819376	0.879088023817549	0.8	0.936594202898551	0	0	1	0	0.0277777777777778	0	0	0	1	1	0	0	0	0	0	1	0	1	0.570652173913043	0.441176470588235	0.574468085106383	0.455598455598456	0.584158415841584	0.435483870967742	0.31578947368421	0.46	0.454545454545455	0.5	0.583333333333333	0.666666666666667	0.512820512820513	0.36	0.625	0	0	0.00840336134453781	0	0	0.00578034682080925	0	0	0	0	0	1	1	1	1	1	1	1	1	1	1	1	1	1	1	1	1	1
16	126	16	7.72263721983068	4295_F11	898.8757	4.54899630202999	4.43151919736171	1.37191766610976	4.06057960430064	3.9007296189751	1.37191766610976	1.49931686987919	1.24495657508154	3.01411214719162	2.17235928990456	2.64616498973173	1.50645267030599	4295	Selected	6	6	6	5	4	6	6	2	4	1	5	1	0	0	0	0	0	0	0.761904761904762	0	0.230769230769231	0.8	1	0.75	0.898526077097506	0.932528826574312	0.968965517241379	0.947634790350249	0.866666666666667	0.905797101449275	0	0	0.8	0.25	0	0	0.5	0.166666666666667	1	1	0	0	0	0	0	1	0.125	1	0.816091954022989	0.548780487804878	0.728260869565217	0.376984126984127	0.406666666666667	0.539473684210526	0.393258426966292	0.0612244897959184	0.538461538461538	0.285714285714286	0.607594936708861	0.425925925925926	0.536842105263158	0.648648648648649	0.428571428571429	0	0	0	0.0178571428571429	0	0	0	0	0	0	0	1	1	1	1	1	1	1	1	1	1	1	1	1	1	1	1	1
17	126	17	7.72308844565177	4295_F6	800.8118	4.45745035266866	4.36668028784773	1.34352470688027	3.97881456412912	3.82355769522368	1.34352470688027	1.12680887584658	0.834574700576347	2.98502887223615	2.37400048490054	2.25660360625297	2.28084771658532	4295	Selected	5	4	5	3	2	5	5	1	4	3	1	2	0	0	0	0	1	0	0.938095238095238	0	0	0.9	1	1	0.946353980188567	0.953280542986425	0.990311986863711	0.873135642865168	0.841666666666667	0.947463768115942	0	0	0.8	0.5	0	0	0	0.0833333333333333	1	1	0	0	0	1	1	0	0	1	0.0246913580246914	0.5	0.741573033707865	0.691542288557214	0.337837837837838	0.581560283687943	0.426666666666667	0	0.375	0.363636363636364	0.569620253164557	0	0.547945205479452	0.277777777777778	0	0	0	0	0	0	0	0	0	0	0	0	1	1	1	1	1	1	1	1	1	1	1	1	1	1	1	1	1
18	125	18	7.99812653978084	4295_E7	828.4763	4.34446193843552	4.23519754631263	1.31571717812745	3.88476071171401	3.80377174589934	1.31571717812745	0.857842316886691	0.166138747454049	2.80049552545327	2.3465713402422	2.00251504350526	2.69329745078099	4295	Selected	1	1	2	1	2	2	2	1	2	3	1	5	0	0	0	0	0	0	0.766666666666667	0	0	0.8	1	1	0.988095238095238	0.949546633057655	1	0.952376137512639	0.975	0.936594202898551	0.571428571428571	0	1	0	0	0.00444444444444444	0	0	1	1	0	0	0	0	0	1	0	1	0.492610837438424	0.512	0.614814814814815	0.347457627118644	0.2	0.549618320610687	0.519774011299435	0.247706422018349	0.473684210526316	0.352941176470588	0.641791044776119	0.5	0.267605633802817	0.488888888888889	0.217391304347826	0	0	0	0	0	0	0	0	0	0	0	1	1	1	1	1	1	1	1	1	1	1	1	1	1	1	1	1
19	127	19	8.49495123009131	4295_A4	776.8198	4.30078822554051	4.20101372712873	1.29785898737271	3.99598979693948	3.92501037470124	1.29785898737271	0.415398239014319	2.22677311696817	3.08364675028629	2.10645127727237	2.4600377184946	2.38115555923374	4295	Selected	1	1	1	3	4	1	1	4	5	1	3	3	0	0	0	0	0	0	0.876190476190476	0	0.0769230769230769	1	1	0.75	0.965986394557823	0.89910135373135	0.852380952380952	0.890868201004703	0.891666666666667	0.958333333333333	0	0	1	0.5	0	0	0	0.166666666666667	1	1	0	0	0	0	0	0	0	1	0.431654676258993	0.367924528301887	0.295918367346939	0.5	0.564516129032258	0.359154929577465	0.345679012345679	0.436363636363636	0.611111111111111	0.666666666666667	0	0.172413793103448	0.383177570093458	0.351351351351351	0.486111111111111	0	0	0	0	0	0	0	0	0	0	0	1	1	1	1	1	1	1	1	1	1	1	1	1	1	1	1	1
20	129	20	7.84077601662927	4295_C1	696.9715	4.38044578387309	4.29594085320952	1.31790842725964	3.9182402573	3.82034716257011	1.31790842725964	1.44865084703909	1.33193717335949	3.2412891109875	2.21081182741251	2.66772693127217	2.07047200044893	4295	Selected	2	2	2	1	2	2	6	2	6	1	5	2	0	0	0	0	0	0	0.869047619047619	0.25	0.230769230769231	0.9	1	0.75	0.896825396825397	0.931164381371556	0.997536945812808	0.89013874845523	0.925	0.989130434782609	0	0	0.8	0	0	0	1	0	1	0.5	0	0	0	0	0	0	0	1	0.533333333333333	0.590909090909091	0.480314960629921	0.403100775193798	0.181102362204724	0.503355704697987	0.517241379310345	0.623188405797101	0.526315789473684	0.25	0.611764705882353	0.145454545454545	0.658536585365854	0.439024390243902	0.615384615384615	0	0.00833333333333333	0	0	0	0	0	0	0	0	0	1	1	1	1	1	1	1	1	1	1	1	1	1	1	1	1	1
21	129	21	7.83945273835336	4295_H2	727.1515	4.40614463473647	4.31479530111515	1.32442892239666	3.93870080104135	3.8477972858685	1.32442892239666	1.12067779226041	1.57367611634257	2.80717389022444	2.5597038301921	2.51334249086648	0.0809007880558991	4295	Selected	3	3	3	2	3	3	4	2	2	5	3	1	0	0	0	0	0	0	0.730272108843537	0	0.461538461538462	0.9	1	0.75	0.849206349206349	0.92494727914605	0.845887445887446	0.885570429722277	0.841666666666667	0.989130434782609	0	0	0.6	0	0	0.0181818181818182	0.5	0.416666666666667	1	1	0	0	0	0	0	0	0	1	0.342857142857143	0.352941176470588	0.504201680672269	0.968354430379747	0.636363636363636	0.321739130434783	0.510416666666667	0.666666666666667	0.333333333333333	0.55	1	0.96	0.524590163934426	0.714285714285714	0.375	0.025	0	0	0.04	0.04	0	0	0	0	0	0	1	1	1	1	1	1	1	1	1	1	1	1	1	1	1	1	1
22	128	22	8.23309681210378	4295_H11	901.4984	4.43333426865312	4.37697576496436	1.31571717812745	4.1773060931957	4.07385914672059	1.31571717812745	0.916661067341546	1.55990389494476	2.84999482984681	2.52784068277594	2.71461127425361	2.45508382299538	4295	Selected	3	5	2	6	6	2	3	2	2	5	5	3	0	0	0	0	0	0	0.914285714285714	0.25	0.307692307692308	0.9	1	0.75	0.964285714285714	0.99285544177185	1	0.911899947036449	0.95	0.989130434782609	0.285714285714286	0	1	0	0	0.00909090909090909	0	0.125	0.909090909090909	1	0	0	0	0	0	0	0	0.75	0.532786885245902	0.285714285714286	0.686567164179104	0.432291666666667	0.393939393939394	0.502304147465438	1	0.767857142857143	0.527777777777778	0.375	0.671052631578947	0.306122448979592	0.361904761904762	0.418604651162791	0.433962264150943	0	0	0	0	0	0	0	0	0	0	0	1	1	1	1	1	1	1	1	1	1	1	1	1	1	1	1	1
23	130	23	9.32851153826984	4295_C7	821.3458	4.43590048223205	4.39172886831856	1.31351695440892	3.94614501160319	3.83584228517121	1.31351695440892	0.987731382070377	3.0646888358006	2.77411442215744	2.29232280462982	2.54201203158316	2.35828118998562	4295	Selected	4	5	2	2	2	2	4	6	1	2	4	3	0	0	1	0	0	0	0.864285714285714	0.5	0.384615384615385	1	1	0	0	0	0	0	0	0	0	0	0.8	0	0.0090702947845805	0	0	0.0833333333333333	0.909090909090909	1	0	0.0185185185185185	0	0	0	0	0	1	0.309090909090909	0.263157894736842	0.48780487804878	0.445714285714286	0.454545454545455	0.552083333333333	0.486111111111111	0.454545454545455	0.357142857142857	0.285714285714286	0.432835820895522	0.516129032258065	0	0	0	0.027027027027027	0	0	0.0208333333333333	0	0	0	0	0	0	0	0	0	0	0	1	1	1	1	1	1	1	1	1	1	1	1	1
24	130	24	9.32894204343133	4295_D5	786.0964	4.4976813871197	4.39768996068942	1.35179528227518	4.03149005385393	3.90869741022517	1.35179528227518	1.21527293911284	-0.306013510290722	3.46860321953228	2.25948051589114	2.35737808200886	2.11707110804684	4295	Selected	6	5	6	4	4	6	5	1	6	2	2	2	0	0	0	0	0	0	0.866666666666667	0.25	0.153846153846154	0.9	0.954545454545455	0	0.931689342403628	0.88891792813439	0.824835796387521	0.887201371954242	0.95	0.947463768115942	0.428571428571429	0	0.6	0.25	0	0.44	0	0.0416666666666667	1	1	0	0	0	0	0	0	0	1	0.774193548387097	0.465116279069767	0.739130434782609	0.342465753424658	0.35593220338983	0.369047619047619	0.1	0.384615384615385	0.461538461538462	0.238095238095238	0	0.521739130434783	0	0	0	0	0	0	0	0	0	0	0	0	0	0	0	0	0	0	1	1	1	1	1	1	1	1	1	1	1	1	1
25	83	25	13.0969778819989	4295_G8	837.5334	4.36794896040362	4.28141994502104	1.31351695440892	4.06205296738234	3.9740326679398	1.31351695440892	1.21583360210414	3.0391039567669	3.29706153949637	2.31487015821947	1.97158914661571	1.96934767824586	4295	Selected	2	2	2	5	5	2	6	6	6	2	1	1	0	0	0	1	0	0	0.838095238095238	0.5	0.230769230769231	0.9	1	0.75	0	0	0.00840336134453781	0.00297619047619048	0	0	0	0	0.8	0	0	0.0181818181818182	0.5	0.0833333333333333	1	0.5	0	0	0	0	0	0	0	1	0.287878787878788	0.4875	0.402439024390244	0.479820627802691	0.244444444444444	0.61764705882353	0.466666666666667	0.51219512195122	0.357142857142857	0.8	0	0.391304347826087	0	0	0	0	0	0	0	0	0	0	0	0	0	0	0	0	0	0	0	0	1	1	1	1	1	1	1	1	1	1	1
26	138	26	9.51694930662972	4295_C3	747.6523	4.42266201810459	4.34753435598563	1.32442892239666	4.05968918427952	3.94009981437907	1.32442892239666	0.818549586224354	2.47973207440391	2.73226886115957	2.44331707118877	2.45714292386248	2.29400601397317	4295	Selected	3	3	3	5	5	3	2	4	1	4	3	2	0	0	0	0	0	1	0.914285714285714	0	0.307692307692308	1	1	0	0.0285714285714286	0	0.0571428571428571	0	0	0	0.142857142857143	0	0.8	0	0	0	0	0.5	1	1	0	0	0	0	0	0	0	1	0.552380952380952	0.482758620689655	0.597222222222222	0.431718061674009	0.676923076923077	0.621359223300971	0.709677419354839	0.547619047619048	0.833333333333333	0.2	0	0	0	0	0	0	0	0	0	0.441860465116279	0.401785714285714	0	0	0	0	0	0	0	0	0	0	0	1	1	1	1	1	1	1	1	1	1	1
27	138	27	9.51630773808249	4295_D7	823.2219	4.30795874142329	4.20098784844069	1.3023790946323	3.96627430694686	3.87189202000726	1.3023790946323	0.8346653806495	2.3876448084052	3.17157251269106	2.45342698885587	0.946378429177064	2.56024007177921	4295	Selected	1	1	1	3	3	1	2	4	6	4	1	4	0	0	1	0	0	1	0.859523809523809	0.25	0.153846153846154	1	0.916666666666667	0	0	0	0	0.00714285714285714	0	0	0	0	0.4	0	0.965419501133787	0.923484848484848	0	0.0833333333333333	1	0.5	0	0	0	0	0	0	0	1	0.584070796460177	0.671428571428571	0.27710843373494	0.335766423357664	0.465909090909091	0.5	0.48314606741573	0.509433962264151	0.407407407407407	0	0	0	0	0	0	0	0	0.00900900900900901	0	0.596153846153846	0.721739130434783	0	0	0	0	0	0	0	0	0	0	0	1	1	1	1	1	1	1	1	1	1	1
28	143	28	7.92460854092284	4295_B5	782.3171	4.31796810983832	4.2187098060232	1.3023790946323	4.03941199461623	3.9677306621999	1.3023790946323	1.32362294884027	2.61180010320757	3.22100920041748	2.7534226457841	2.6420601566235	2.79895625237788	4295	Selected	1	1	1	4	5	1	6	5	6	6	5	6	0	0	0	0	0	1	0.830952380952381	0	0.153846153846154	0.9	1	0	0.0119047619047619	0.00214822771213749	0.00420168067226891	0	0	0	0	0	1	0	0	0.12	0	0	0.545454545454545	0.5	0	0	0	0	0	0	0	1	0.487179487179487	0.484536082474227	0.285714285714286	0.444444444444444	0.735294117647059	0.61764705882353	0.555555555555556	0.6	0.590909090909091	0.517241379310345	0	0	0	0	0	0	0	0	0	0.566666666666667	0.333333333333333	0	0	0	1	1	0	0	0	0	0	0	1	1	1	1	1	1	1	1	1	1	1
29	143	29	7.92731556418294	4295_H7	835.1713	4.34032572740878	4.19261543614004	1.32442892239666	3.99760615449809	3.88303739131381	1.32442892239666	1.16937041266738	2.62336900869438	2.97641706908722	2.5278820539582	2.78465065594477	2.46941239892001	4295	Selected	1	1	3	3	3	3	5	5	4	5	6	3	1	0	0	0	0	1	0.866666666666667	0.5	0.538461538461538	0.9	1	0	0	0	0	0	0	0	0	0	0.6	0.25	0	0.0650505050505051	0	0.0416666666666667	0.545454545454545	1	0	0	0	0	0	0	0	1	0.323232323232323	0.368421052631579	0.572916666666667	0.289855072463768	0.523809523809524	0.72463768115942	0.48780487804878	0.326923076923077	0.6	0.2	0	0	0	0	0	0	0	0	0	0.704918032786885	0.833333333333333	0	0	0	1	1	0	0	0	0	0	0	1	1	1	1	1	1	1	1	1	1	1
30	142	30	8.20093006310757	4295_C10	881.8828	4.39959398064348	4.33386776704534	1.31130769591171	3.93546721365548	3.82186252084491	1.31130769591171	0.868642696855577	2.54463930299316	2.73052971792995	2.58405874529627	2.52844407631553	2.4555641689271	4295	Selected	3	3	1	2	2	1	3	4	1	5	3	3	0	0	0	0	1	1	0.866666666666667	0	0	1	1	0	0	0.00404858299595142	0	0.0132246376811594	0	0	0	0	0.4	0	0	0.0222222222222222	0	0.0833333333333333	0.545454545454545	1	0	0	1	0	0	0	0	0.75	0.45	0.482758620689655	0.546666666666667	0.436170212765957	0.670588235294118	0.135593220338983	0.453125	0.245901639344262	0.652173913043478	0	0	0	0	0	0	0	0.0153846153846154	0	0	0.827586206896552	0.438775510204082	0	0	0	1	1	0	0	0	0	0	0	1	1	1	1	1	1	1	1	1	1	1
31	144	31	7.87112896586638	4295_B8	847.476	4.38000880387893	4.26681292560302	1.32658486623186	4.03329805760564	3.92563776119349	1.32658486623186	0.881353800126885	2.55164984354867	2.92920483718704	2.71275393150433	2.53056371040497	2.72145247402185	4295	Selected	2	2	3	4	4	3	3	4	3	6	4	6	0	0	0	0	0	1	0.723809523809524	0	0.384615384615385	0.9	1	0	0	0	0.00246305418719212	0	0	0	0	1	1	0.75	0.0123456790123457	0.07	0	0.0416666666666667	0.545454545454545	0.5	0	0	1	0	0	0	0	1	0.429203539823009	0.319148936170213	0.493055555555556	0.492836676217765	0.553333333333333	0.372093023255814	0.560344827586207	0.711864406779661	0.466666666666667	0.833333333333333	0	0	0	0	0	0	0	0	0	0.463414634146341	0.328947368421053	0	0	0	1	1	0	0	0	0	0	0	1	1	1	1	1	1	1	1	1	1	1
32	144	32	7.87268328949941	4295_G5	793.2544	4.49772707649225	4.37623341666967	1.36195347862496	4.00225153175257	3.8520102312451	1.36195347862496	1.49535702150665	2.36724686007046	2.98278495588983	2.66387920222062	2.6289616396829	2.00582601866462	4295	Selected	6	5	6	3	3	6	6	4	4	6	5	1	0	0	1	0	0	1	0.876190476190476	0	0	1	1	0	0.0102040816326531	0	0.00476190476190476	0	0	0	0	0	1	0	0	0.02	0.5	0.125	0.545454545454545	1	0	0	0	0	0	0	0	1	0.381944444444444	0.414634146341463	0.690909090909091	0.386046511627907	0.590909090909091	0.313253012048193	0.407407407407407	0.727272727272727	0.363636363636364	0.375	0	0	0	0	0	0	0	0	0	0.434782608695652	0.565656565656566	0	0	0	1	1	0	0	0	0	0	0	1	1	1	1	1	1	1	1	1	1	1
33	148	33	7.83979389533337	4295_B4	774.5693	4.42450488565437	4.35843477560775	1.32009076155286	4.07825714504249	3.99137930667085	1.32009076155286	0.702270587089018	2.78594148293987	2.93014335394224	2.72245705482909	2.32668501938947	2.62878188971924	4295	Selected	3	4	3	5	6	3	1	5	3	6	2	5	0	0	1	0	0	1	0.830952380952381	0	0.307692307692308	1	1	0	0	0.0018796992481203	0	0.00714285714285714	0	0	0	0	0.6	0.5	0	0.0222222222222222	0	0	0.545454545454545	1	0	0	0	0	0	0	0	1	0.672727272727273	0.666666666666667	0.504587155963303	0.403669724770642	0.909090909090909	0.450980392156863	0.19672131147541	0.184210526315789	0.611111111111111	0.888888888888889	0	0	0	0	0	0	0	0	0	0.6	0.280254777070064	0	0	0	1	1	0	0	0	0	0	0	1	1	1	1	1	1	1	1	1	1	1
34	148	34	7.8419548661728	4295_G11	900.2148	4.49013244371592	4.42084864953738	1.33512241221988	3.94474444230969	3.8051988797883	1.33512241221988	1.71057305473162	2.58170014947551	2.28561148747786	2.10970818175666	2.26181786493477	2.04466699473283	4295	Selected	5	6	4	2	2	4	6	4	1	1	1	2	0	0	1	0	0	1	0.771428571428571	0	0.153846153846154	0.9	0.916666666666667	0	0.0261904761904762	0	0	0.00420168067226891	0	0	0	0	0.8	0	0.0185185185185185	0.121269841269841	0	0	0.545454545454545	1	0.1	0	0	1	0	0	0	1	0.451612903225806	0.475409836065574	0.411764705882353	0.21105527638191	0.389473684210526	0.486486486486487	0.383720930232558	0.565217391304348	0.333333333333333	0.227272727272727	0	0	0	0	0	0	0	0	0	0.36	0.666666666666667	0	0	0	1	1	0	0	0	0	0	0	1	1	1	1	1	1	1	1	1	1	1
35	147	35	8.17626286444119	4295_G2	728.6321	4.35734988858698	4.2648587423732	1.31351695440892	4.07859994126232	3.98924247738994	1.31351695440892	0.810720532422739	2.74544958894559	3.15471609622485	2.73371467837939	2.25465977096776	2.76770624790223	4295	Selected	1	2	2	6	6	2	2	5	5	6	1	6	0	0	0	0	0	1	0.861904761904762	0	0.230769230769231	0.9	1	0	0	0	0.0238095238095238	0.0142857142857143	0.5	0	0	0	0.8	0.25	0.00680272108843537	0.02	0	0	0.545454545454545	0.5	0	0	0	0	0	0	0	1	0.488	0.564102564102564	0.627906976744186	0.495192307692308	0.458333333333333	0.277777777777778	0.448275862068966	0.487179487179487	0.5	0.5	0	0	0	0	0	0	0	0	0	0.415094339622642	0.496402877697842	0	0	0	1	1	0	0	0	0	0	0	1	1	1	1	1	1	1	1	1	1	1
36	149	36	7.98826068102995	4295_F1	710.7308	4.30579148343873	4.19824098378312	1.30462510311861	4.05039423124506	3.95675609500303	1.30462510311861	0.898213944662248	2.95671319310398	2.924426669623	2.72578219626948	2.71597342057732	2.6952267946204	4295	Selected	1	1	1	5	5	1	3	6	3	6	6	5	0	0	0	0	0	0	0.866666666666667	0	0.307692307692308	0.9	1	0	0	0.0265737874097007	0.0571428571428571	0.15	0	0	0	0	0	0.25	0.0226757369614512	0.02	0	0.0833333333333333	0.545454545454545	1	0	0	1	0	0	0	0	1	0.0666666666666667	0.386363636363636	NA	0.423913043478261	0.178217821782178	0.461538461538462	0.733333333333333	0.384615384615385	0.411764705882353	1	0	0	0	0	0.015625	0	0	0	0	0.464285714285714	0.279411764705882	0	0	0	1	1	0	0	0	0	0	0	1	1	1	1	1	1	1	1	1	1	1
37	149	37	7.98754752729986	4295_E10	874.9835	4.43825651731604	4.36351979616712	1.32873212980086	4.04493786221981	3.94852762044345	1.32873212980086	0.705498669673139	2.38246681251522	3.00627311405427	2.57572615249181	2.01207796633411	2.54580260187733	4295	Selected	4	4	4	5	5	4	1	4	4	5	1	4	0	0	0	0	0	1	0.795238095238095	0	0.307692307692308	0.9	1	0	0	0.0210526315789474	0	0.00714285714285714	0	0	0	0	0.6	0	0.00453514739229025	0.0745454545454545	0	0.0416666666666667	0.545454545454545	0.5	0	0	0	0	0	1	0	1	0.481818181818182	0.544444444444444	0.415730337078652	0.4875	0.528301886792453	0.531531531531532	0.247311827956989	0.486486486486487	0.411764705882353	0.466666666666667	0	0	0.0793650793650794	0.0689655172413793	0	0	0	0	0.037037037037037	0.230769230769231	0.622641509433962	0	0	0	1	1	0	0	0	0	0	0	1	1	1	1	1	1	1	1	1	1	1
38	151	38	7.76103229384907	4295_E5	787.6525	4.43155557929104	4.33692927264657	1.33512241221988	3.89617438149139	3.7424396454703	1.33512241221988	1.27257957668684	2.26650651928852	2.84109232656196	2.33971188638919	2.32774180674498	2.72205740966695	4295	Selected	3	3	4	1	1	4	6	4	2	3	2	6	0	0	0	0	0	1	0.778571428571429	0	0.0769230769230769	1	1	0	0	0	0	0	0	0	0	0	0.8	0.75	0	0.04	0	0.0416666666666667	0.545454545454545	1	0	0	1	0.5	0	0	0	1	0.26865671641791	0.415730337078652	0.333333333333333	0.457142857142857	0.602040816326531	0.432203389830508	0.4	0.484848484848485	0.65	0.2	0	0	0	0	0	0	0	0	0	0.387755102040816	0.23943661971831	0	0	0	1	1	0	0	0	0	0	0	1	1	1	1	1	1	1	1	1	1	1
39	151	39	7.76205229955515	4295_E1	708.1315	4.47632606217815	4.39886073431265	1.33512241221988	3.89367619876464	3.76670900123663	1.33512241221988	1.28926396898272	3.04985895672987	2.69363855931654	2.23270418534792	2.44869561202021	2.62908336132784	4295	Selected	5	5	4	1	1	4	6	6	1	2	3	5	0	0	0	0	0	1	0.80952380952381	0	0.307692307692308	1	1	0	0	0.0206766917293233	0	0	0	0	0	0	0.8	0	0.00453514739229025	0.02	0	0	0.545454545454545	1	0	0	0	1	0	0	0	1	0.526315789473684	0.517006802721088	0.479674796747967	0.422222222222222	0.5	0.513636363636364	0.497237569060773	0.598130841121495	0.303030303030303	0.307692307692308	0	0	0	0	0	0	0	0	0	0.298245614035088	0.513636363636364	0	0	0	1	1	0	0	0	0	0	0	1	1	1	1	1	1	1	1	1	1	1
40	152	40	7.63492973459454	4295_C6	810.2379	4.45727788841127	4.38887082589768	1.32873212980086	4.01125178191647	3.92336784273273	1.32873212980086	1.03082570952165	2.92525055944066	2.83910698151753	2.57226317899689	2.65352927500394	2.66685186538589	4295	Selected	4	5	4	4	4	4	4	6	2	5	5	5	0	0	1	0	0	1	0.895238095238095	0	0.307692307692308	0.8	1	0	0	0.00384419695856182	0	0.00714285714285714	0	0.125	0	0	0.8	0	0	0.02	0	0	0.545454545454545	0.5	0	0	0	0	0	1	0	0.75	0.316666666666667	0.476190476190476	0.650943396226415	0.47970479704797	0.142857142857143	0	0.492537313432836	0.719298245614035	0.611111111111111	0.333333333333333	0	0	0	0	0	0	0	0	0	0.4	0.637096774193548	0	0	0	1	1	0	0	0	0	0	0	1	1	1	1	1	1	1	1	1	1	1
41	152	41	7.63470174714439	4295_F8	839.9457	4.38638532756395	4.31948712246044	1.31130769591171	3.91974368396167	3.78365984676393	1.31130769591171	1.12857087132652	1.21288362863853	2.96280132888328	2.52008350168358	2.36891609975292	2.59239282647018	4295	Selected	2	3	1	2	1	1	5	2	3	4	2	4	0	0	0	0	0	1	0.857142857142857	0	0.230769230769231	1	1	0	0	0.00404858299595142	0	0	0	0	0	0	0.8	0.5	0	0.02	0	0.0416666666666667	0.545454545454545	1	0	0	0	0	0	0	0	0.75	0.458015267175573	0.547945205479452	0.477777777777778	0.607843137254902	0.548076923076923	0.535353535353535	0.424242424242424	0.685714285714286	0.5	0.590909090909091	0	0	0	0	0	0	0	0	0	0.645833333333333	0.555555555555556	0	0	0	1	1	0	0	0	0	0	0	1	1	1	1	1	1	1	1	1	1	1
42	156	42	8.2358476767439	4295_F3	757.2151	4.35826698606965	4.28556078481895	1.30462510311861	3.93273424564842	3.84096025434811	1.30462510311861	0.419053984897777	2.67474910187092	2.85813430041612	2.17892805821722	2.37236818086871	2.70564659554801	4295	Selected	1	2	1	2	2	1	1	5	2	1	2	6	0	1	0	0	0	1	0.914285714285714	0.25	0.230769230769231	1	1	1	0	0.0037593984962406	0.00840336134453781	0	0	0	0	0	0.4	0	0.993197278911565	0.897777777777778	0	0.0416666666666667	1	0.5	0	0	0	0	0	0	0	1	0.551401869158878	0.461538461538462	0.736111111111111	0.362903225806452	0.418181818181818	0.368	0.574257425742574	0.26	0.666666666666667	0.428571428571429	0	0	0	0	0	0.0909090909090909	0.0909090909090909	0	0	0.666666666666667	0.526666666666667	1	1	0	0	0	0	0	0	0	0	0	1	1	1	1	1	1	1	1	1	1	1
43	157	43	7.82231760369152	4295_G3	759.2318	4.38846568153284	4.28570371016457	1.32658486623186	4.00934445537978	3.89625817590443	1.32658486623186	0.876040382271087	2.58887081805392	2.65909832776951	2.42071911657647	2.4577040791397	2.56940148690573	4295	Selected	2	2	3	4	4	3	3	5	1	4	3	4	0	0	0	0	0.666666666666667	1	0.835714285714286	0	0.153846153846154	0.9	1	0	0.0238095238095238	0.00412796697626419	0	0	0	0	0	0	1	0.25	0.958333333333333	0.874401154401154	1	0.708333333333333	1	0.5	0	0	0	0	0	0	0	1	0.444444444444444	0.395061728395062	0.472222222222222	0.454081632653061	0.402985074626866	0.545454545454545	0.444444444444444	0.444444444444444	0.631578947368421	0.583333333333333	0	0	0	0	0	0.363636363636364	0.433962264150943	0	0	0.384615384615385	0.422018348623853	1	1	0	0	0	0	0	0	0	0	0	1	1	1	1	1	1	1	1	1	1	1
44	157	44	7.8232208858619	4295_A5	780.3712	4.50735380371297	4.47019044238518	1.32226424031111	4.31050842384735	4.22062125734078	1.32226424031111	0.959686337976457	1.91322524744457	3.03827124002153	2.32713743904783	2.32550154577382	2.58015401936114	4295	Selected	6	6	3	6	6	3	3	3	4	3	2	4	0	1	0	0	0	0.666666666666667	0.961904761904762	0	0	1	1	0	0	0.00532844716834102	0.0523809523809524	0	0	0	0	0	1	0	0.988473167044596	0.941666666666667	0.5	0	1	1	0	0	0	1	0	1	0	1	0.486486486486487	0.581818181818182	0.59375	0.313432835820896	0.392857142857143	0.557377049180328	0.411764705882353	0.394736842105263	1	0.478260869565217	0	0	0	0	0	0.793103448275862	0.5625	0	0	0.428571428571429	0.37719298245614	1	1	0	0	0	0	0	0	0	0	0	1	1	1	1	1	1	1	1	1	1	1
45	158	45	8.04333037639	4295_A6	812.6625	4.44850398203752	4.3541473920582	1.33723552586952	4.14582557602387	4.02256541117165	1.33723552586952	0.992041849394624	1.37078656534424	3.0822471068394	2.12409552105769	2.62652731087708	2.32899334545384	4295	Selected	4	4	5	6	6	5	4	2	5	1	5	3	0	0	0	0	0	1	0.830952380952381	0	0.0769230769230769	0.9	1	0	0	0.0257085020242915	0	0.00714285714285714	0	0	0	0	0.8	0	0.997732426303855	0.9	0	0	1	0.5	0	0	0	0	0	0	0	1	0.357142857142857	0.67	0.683544303797468	0.45985401459854	0.471153846153846	0.597222222222222	0.5	0.701754385964912	0.2	0.555555555555556	0.0126582278481013	0	0	0	0	0.638297872340426	0.614457831325301	0	0	0.575757575757576	0.181818181818182	0	0	0	0	0	0	0	0	0	0	0	1	1	1	1	1	1	1	1	1	1	1
46	158	46	8.04230263240589	4295_H4	761.9831	4.47529707398972	4.37069132853621	1.34973979800587	4.10138327609471	3.97093703011156	1.34973979800587	0.267427616768418	2.01702863024297	3.16942942558265	2.49860158591809	2.06647454393272	2.67778266614813	4295	Selected	5	5	6	6	5	6	1	3	5	4	1	5	1	0	1	0	0	1	0.807142857142857	0.5	0.153846153846154	0.8	1	0	0.0714285714285714	0.00214822771213749	0.00840336134453781	0.00595238095238095	0	0	0	0	0.6	0.5	0.960695389266818	1	0	0.0833333333333333	1	1	0	0	0	1	0	0	0	1	0.300751879699248	0.462686567164179	0.305084745762712	0.322727272727273	0.52112676056338	0.388888888888889	0.328125	0.961538461538462	0.454545454545455	0.285714285714286	0	0	0	0	0	0.76	0.666666666666667	0	0	1	0.703389830508475	0	0	0	0	0	0	0	0	0	0	0	1	1	1	1	1	1	1	1	1	1	1
47	160	47	8.35770749829936	4295_B1	695.7583	4.41264738318038	4.32858368223436	1.32442892239666	3.87099189630158	3.75423762284918	1.32442892239666	0.864748831960574	1.10287487242759	2.99525597985982	2.54078936475969	2.30193906527042	2.59388413065091	4295	Selected	3	3	3	1	1	3	2	1	4	5	1	4	0	0	0	0	0	0.666666666666667	0.807142857142857	0	0.153846153846154	0.9	1	0	0	0	0	0.0186335403726708	0	0	0	0	0.4	0.25	0.960884353741497	0.887878787878788	0	0.0416666666666667	1	0.5	0	0	1	0	0	0	0	0.75	0.396103896103896	0.341772151898734	0.6	0.283842794759825	0.494949494949495	0.316455696202532	0.389261744966443	0.648148148148148	0.625	0.68421052631579	0	0	0	0	0	0.385964912280702	0.319587628865979	0	0	0.657894736842105	0.306451612903226	1	1	0	0	0	0	0	0	0	0	0	1	1	1	1	1	1	1	1	1	1	1
48	161	48	7.97446256614316	4295_A10	887.385	4.3389342499034	4.26683201952114	1.3023790946323	4.01312296096554	3.93477804087201	1.3023790946323	0.751996825832392	1.43372248291675	3.32879837498166	2.41112183320421	2.34859024052326	2.57477880341655	4295	Selected	1	2	1	4	4	1	2	2	6	3	2	4	0	0	0	0	0	1	0.935714285714286	0	0	1	1	1	0.0551378446115288	0.0512642303885117	0.10117620715998	0.0359357696566999	0	0	0	0	0.8	0.5	0.969954648526077	0.861464646464646	0	0	1	1	0	0.166666666666667	0	0	0	0	0	1	0.507462686567164	0.333333333333333	0.577380952380952	0.57258064516129	0.571428571428571	0.38655462184874	0.492063492063492	0.295774647887324	0.40625	0.111111111111111	0	0	0	0	0	0.875	0.835820895522388	0	0	0.346938775510204	0.543046357615894	0	0	0	0	0	0	0	0	0	0	0	1	1	1	1	1	1	1	1	1	1	1
49	161	49	7.97406006319432	4295_G9	865.9569	4.55070119457525	4.4812341836977	1.34973979800587	4.11884407232697	3.99081011959806	1.34973979800587	1.00430017242867	1.95644024744878	2.95098327078981	2.74200550414091	2.36067793244842	2.66947801548884	4295	Selected	6	6	6	6	6	6	4	3	3	6	2	5	0	0	0	1	0	1	0.892063492063492	0	0.0769230769230769	0.9	1	0	0	0.0158399392145522	0	0	0	0	0	0	1	0	0.967687074829932	1	0.5	0.0833333333333333	0.545454545454545	0.5	0	0	0	0	0	0	0	1	0.31875	0.228571428571429	0.451327433628319	0.450657894736842	0.576086956521739	0.3359375	0.413461538461538	0.232142857142857	0.53125	0.368421052631579	0	0	0	0	0	0.205882352941176	0.409090909090909	0	0	0.333333333333333	0.512987012987013	0	0	0	0	0	0	0	0	0	0	0	1	1	1	1	1	1	1	1	1	1	1
50	163	50	7.8921144119895	4295_E2	732.1274	4.44505946322621	4.34279367188734	1.33723552586952	3.9583963233662	3.85352613794322	1.33723552586952	0.861779396097313	2.69747144908479	3.17097272683846	2.67608035623841	2.9059950505425	2.15016893842688	4295	Selected	4	3	5	2	3	5	2	5	6	6	6	2	0	0	0	0	0	0.666666666666667	0.842857142857143	0	0.153846153846154	0.9	1	0	0.0357142857142857	0	0	0.00714285714285714	0	0	0	0	0.8	0	0.951625094482237	0.819040404040404	0	0.0416666666666667	0.909090909090909	0.5	0	0	0	0	0	0	0	1	0.541095890410959	0.516666666666667	0.220779220779221	0.576779026217228	0.456692913385827	0.413793103448276	0.516778523489933	0.557692307692308	0.238095238095238	0.0769230769230769	0	0	0	0	0	0.181818181818182	0.547619047619048	0	0	0.282051282051282	0.463917525773196	1	1	0	0	0	0	0	0	0	0	0	1	1	1	1	1	1	1	1	1	1	1
51	163	51	7.89239871378831	4295_H1	722.9523	4.42839471351524	4.3162883918318	1.34143661801511	3.8707560011761	3.72358703501532	1.34143661801511	1.19387005607843	1.06289917731082	3.20418562487231	2.12063034942739	2.06377577488044	2.13097590435352	4295	Selected	3	3	5	1	1	5	5	1	6	1	1	2	0	0.5	0	0	0	1	0.842857142857143	0	0.307692307692308	0.9	0.863636363636364	0	0	0.00917127984797158	0.0177489177489178	0	0	0	0	0	0.4	0.25	0.916250944822373	0.722727272727273	0	0.0833333333333333	1	0.5	0	0	0	0	0	0	0	1	0.26530612244898	0.369230769230769	0.436781609195402	0.460251046025105	0.573770491803279	0.685393258426966	0.620689655172414	0.5	0.6875	0.230769230769231	0	0	0	0	0	0.5	0.47945205479452	0	0	0.4	0.553191489361702	1	1	0	0	0	0	0	0	0	0	0	1	1	1	1	1	1	1	1	1	1	1
52	162	52	8.18248300386162	4295_H9	868.9757	4.44675646437317	4.36677866486976	1.32873212980086	4.01202061772661	3.93665657077123	1.32873212980086	1.09642707282338	2.93202098349154	2.89708487757217	2.63175161189848	2.42332072330241	2.8154275178174	4295	Selected	4	4	4	4	5	4	4	6	3	5	3	6	0	0	0	0	0.666666666666667	1	0.88265306122449	0	0.153846153846154	1	0.916666666666667	0.75	0.124149659863946	0.074703565636781	0	0	0	0	0.857142857142857	0	0.8	0	0.906160241874528	0.968333333333333	0	0.125	0.272727272727273	0.5	0	0	0	1	0	0	0	0.75	0.284403669724771	0.287878787878788	0.368421052631579	0.680851063829787	0.643835616438356	0.408163265306122	0.404255319148936	0.461538461538462	0.5	0	0	0	0	0	0	0.59375	0.63013698630137	0	0	0.434782608695652	0	1	1	0	0	0	0	0	0	0	0	0	1	1	1	1	1	1	1	1	1	1	1
53	153	53	9.60130143252441	4295_A1	694.3088	4.35106136058027	4.24310684520267	1.31790842725964	3.95842966771087	3.86373499654423	1.31790842725964	0.607141956099572	2.9129280082396	3.08910051758062	2.52645756681208	1.94325487260275	2.75272864995659	4295	Selected	1	2	2	3	3	2	1	6	5	4	1	6	0	0	0	0	0	1	0.759523809523809	0	0.230769230769231	1	1	0	0	0.00202429149797571	0	0.0126050420168067	0	0	0	0	0.8	0	0	0	0	0.5	1	0.5	0	0	0	0	0	0	0	1	0.5	0.15625	0.831325301204819	0.682926829268293	0.628205128205128	0.648148148148148	0.559139784946237	0.322033898305085	0.423076923076923	0.2	0	0	0	0	0	0	0.015625	0	0	0.41025641025641	0	0	0	0	0	0	0	0	0	0	0	0	1	1	1	1	1	1	1	1	1	1	1
54	134	54	8.14462421471149	4295_A9	850.6171	4.47234084619939	4.33706703491267	1.36195347862496	4.09171778418197	3.9756685071275	1.36195347862496	0.701603962449816	1.85998295103589	2.96917308206959	2.72788737967459	2.6436819670071	2.75356890758958	4295	Selected	5	3	6	6	6	6	1	3	3	6	5	6	0	0	1	0.5	0	0	0.703401360544218	0	0.384615384615385	0.9	1	0	0	0	0.012987012987013	0.103105590062112	0	0	0	0	0.8	0	0.00925925925925926	0.0890909090909091	0	0.5	0.909090909090909	1	1	0.916666666666667	0	0	0	0	0.75	1	0.328767123287671	0.515625	0.438202247191011	0.395939086294416	0.276923076923077	0.468085106382979	0.581395348837209	0.36	0.153846153846154	0	0.811594202898551	0.25	0	0	0	0	0	0.128571428571429	0	0	0	0	0	1	0	0	0	0	0	0	1	1	1	1	1	1	1	1	1	1	1	1	1
55	134	55	8.14520349362288	4295_G10	871.9887	4.57032360430685	4.4886596599834	1.35791383720619	4.09324892032453	3.95735871186744	1.35791383720619	0.985271733791835	1.43210309263703	2.82552077704762	2.71260955062941	2.38367752660537	2.7510028216192	4295	Selected	6	6	6	6	5	6	4	2	2	6	2	6	0	0	1	0	0	0	0.783333333333333	0	0.0769230769230769	0.9	0.954545454545455	0	0	0	0	0.0204081632653061	0	0	1	0	1	0	0	0.04	0	0.0416666666666667	1	1	1	1	0	0	0	0	1	1	0.471264367816092	0.509090909090909	0.45	0.264705882352941	0.481481481481481	0.528301886792453	0.551282051282051	0.6	0.571428571428571	0.375	0.417582417582418	0.5	0	0	0	0	0	0.573529411764706	0	0	0	0	0	1	0	0	0	0	0	0	1	1	1	1	1	1	1	1	1	1	1	1	1
56	135	56	7.85852537044624	4295_F2	730.7857	4.36036453220364	4.25755982414295	1.31571717812745	3.91712900954938	3.76858321953496	1.31571717812745	1.19779846977641	2.09576860439719	3.04829586528343	2.30063936951197	2.23841782176124	2.8120844813091	4295	Selected	2	2	2	1	1	2	5	3	4	2	1	6	0	0	0	0	0	0	0.823809523809524	0	0.230769230769231	0.9	1	1	0.0510204081632653	0.0162959920810429	0.0571428571428571	0	0	0.0326086956521739	0	0	0.6	0.25	0.0277777777777778	0.04	0	0.166666666666667	0.909090909090909	1	1	1	0	0	0	1	1	1	0.377049180327869	0.565217391304348	0.461538461538462	0.532818532818533	0.496124031007752	0.686274509803922	0.546666666666667	0.543859649122807	0.458333333333333	0.275862068965517	0.177777777777778	0.135135135135135	0	0	0	0	0	0.443298969072165	0	0	0	0	0	1	0	0	0	0	0	0	1	1	1	1	1	1	1	1	1	1	1	1	1
57	135	57	7.85736481655581	4295_E3	754.5052	4.58291961464352	4.52807648119725	1.34767624295259	4.01681570290841	3.87781164273998	1.34767624295259	1.12184681454072	-0.0641879943770807	3.25073765600572	2.31565521047809	2.19668036145011	1.76709253999293	4295	Selected	6	6	5	4	3	5	4	1	6	2	1	1	1	1	0	0	0	0	0.914285714285714	0	0.384615384615385	0.9	1	0	0	0	0	0.00166112956810631	0	0	0	0	1	0	0	0.04	1	0.166666666666667	0.909090909090909	1	1	1	1	0	0	0	1	1	0.634615384615385	0.411764705882353	0.469565217391304	0.559241706161137	0.340425531914894	0.448	0.395061728395062	0.578947368421053	0.5	0.6875	0.733333333333333	0.805555555555556	0	0	0	0	0	0.307692307692308	0	0	0	0	0	1	0	0	0	0	0	0	1	1	1	1	1	1	1	1	1	1	1	1	1
58	136	58	8.18637288782228	4295_E4	770.2114	4.35955539275963	4.22958411398309	1.32658486623186	4.00715677540535	3.88390481425759	1.32658486623186	0.912473478231292	2.70021341855864	2.96336007177461	2.71378099740342	2.44300570384195	2.70460959332648	4295	Selected	2	1	3	4	3	3	3	5	3	6	3	5	0	0	0	0	0	0	0.844444444444444	0	0.230769230769231	0.8	1	0	0.0204081632653061	0	0.00649350649350649	0	0.05	0	1	0	1	0.25	0	0.04	0.5	0.0833333333333333	1	0.5	1	1	0	0	0	0	1	1	0.4	0.233333333333333	0.698924731182796	0.384313725490196	0.392857142857143	0.288135593220339	0.473118279569892	0.325581395348837	0.225806451612903	0.758620689655172	0.112903225806452	0.564102564102564	0	0	0	0	0	0.681818181818182	0	0	0	0	0	1	0	0	0	0	0	0	1	1	1	1	1	1	1	1	1	1	1	1	1
59	136	59	8.18668152036996	4295_B6	811.1536	4.49023900674734	4.35798192540308	1.36195347862496	3.93880721051624	3.77541974544599	1.36195347862496	0.851372070918277	2.36829761380848	2.89221592225998	2.71536895425209	2.4427090791736	2.75091041027713	4295	Selected	6	4	6	2	1	6	2	4	2	6	3	6	0	0	0	1	0	0	0.842857142857143	0.5	0.153846153846154	1	1	0	0.0037593984962406	0.0184210526315789	0.0535714285714286	0	0	0.125	1	0	0.2	0.25	0	0.0787301587301587	0	0.0833333333333333	1	0.5	1	1	0	0	0	0	1	1	0.4375	0.796296296296296	0.572649572649573	0.39344262295082	0.459183673469388	0.483516483516484	0.294117647058824	0.346534653465347	0.636363636363636	0.416666666666667	0.694444444444444	0.431818181818182	0	0	0	0	0	0.336448598130841	0	0	0	0	0	1	0	0	0	0	0	0	1	1	1	1	1	1	1	1	1	1	1	1	1
60	131	60	9.61152824562947	4295_H10	870.5494	4.49333758053091	4.43054229525476	1.33723552586952	3.96707651173653	3.84171305218311	1.33723552586952	0.583095563968038	2.22121138144435	2.93712679993626	2.55653755175634	2.64639810258409	2.63872207476745	4295	Selected	6	6	5	3	2	5	1	3	3	5	5	5	0	0	0	0	0	0	0.783333333333333	0	0.230769230769231	0.9	0.954545454545455	0	0.00793650793650794	0	0	0	0	0	0.571428571428571	0	0.6	0	0	0	0	0	1	0.5	0	0	0	0	0	0	0	1	0.517647058823529	0.491228070175439	0.689655172413793	0.473404255319149	0.51	0.68421052631579	0.425	0.666666666666667	0.428571428571429	0.571428571428571	0.505882352941176	0.452380952380952	0	0	0	0	0	0.593406593406593	0	0	0	0	0	1	0	0	0	0	0	0	1	1	1	1	1	1	1	1	1	1	1	1	1
61	108	61	7.71465884088141	4295_D10	879.8285	4.60093441846805	4.53066148019462	1.35791383720619	4.13472963330952	3.99079811680491	1.35791383720619	1.64386998224857	2.26957947970111	2.91482736994879	2.70175435985238	2.81346061858942	2.70216229276633	4295	Selected	6	6	6	6	6	6	6	4	3	6	6	5	0	1	0	0	0	0	0.735714285714286	0.25	0.230769230769231	0.8	1	0.75	0.928780284043442	0.897744616704555	0.852216748768473	0.946219514094819	0.841666666666667	0.978260869565217	0.571428571428571	0	0.8	0.25	0	0.0428571428571429	1	0	1	0.5	0	0	0	0	0	0	0	1	0.436708860759494	0.554455445544555	0.367816091954023	0.611940298507463	0.482142857142857	0.345132743362832	0	0.205882352941176	0.478260869565217	0.428571428571429	0.426356589147287	0.833333333333333	0.504672897196262	0.674418604651163	0.622641509433962	0	0	0	0.64	0	0	0	0	0	0	0	1	1	1	1	1	1	1	1	1	1	1	1	1	1	1	1	1
62	108	62	7.71492801605043	4295_B7	817.3976	4.39762764966144	4.33007687812631	1.31351695440892	3.99705385591666	3.88186782501548	1.31351695440892	1.11812503326806	2.18994310393027	2.85739178699483	2.32163029347418	2.7064924825682	0.432884999474133	4295	Selected	3	3	2	3	3	2	4	3	2	2	5	1	0.5	0	1	0	0	0	0.773015873015873	0	0.230769230769231	1	1	1	0.956349206349206	0.886422706734516	0.826108374384236	0.874072134752115	0.866666666666667	0.947463768115942	0.428571428571429	1	0	0	0	0	0	0	0.545454545454545	1	0	0	0	0	0	1	0	0.75	0.556603773584906	0.424242424242424	0.509615384615385	0.464516129032258	0.53921568627451	0.424242424242424	0.411764705882353	0.523809523809524	0.757575757575758	0.19047619047619	0.549618320610687	0.173076923076923	0.0606060606060606	0.769230769230769	0.274509803921569	0	0	0	0.51063829787234	0	0.00689655172413793	0	0	0	0	0	1	1	1	1	1	1	1	1	1	1	1	1	1	1	1	1	1
63	109	63	7.57671548201741	4295_H8	836.5748	4.30761365466146	4.21243882919118	1.3001237436807	3.91642473190822	3.83721924684911	1.3001237436807	0.756329675822627	2.83695567453595	3.17037600488045	2.10519288023612	2.58955938011644	1.79016735936812	4295	Selected	1	1	1	1	2	1	2	6	5	1	4	1	0	0	0	0	0	0	0.990476190476191	0	0.230769230769231	0.9	1	0.75	0.974206349206349	0.937825332562175	0.854679802955665	0.984989648033126	1	0.989130434782609	0.428571428571429	0	1	0	0	0	0	0.0416666666666667	1	0.5	0	0	0	0	0	0	0	1	0.36	0.512396694214876	0.5	0.576923076923077	0.494949494949495	0.446428571428571	0.313725490196078	0.571428571428571	0.615384615384615	0.5	0.471337579617834	0.46	0.651685393258427	0.625	0.392857142857143	0	0.0104166666666667	0	0.661764705882353	0	0	0	0	0	0	0	1	1	1	1	1	1	1	1	1	1	1	1	1	1	1	1	1
64	109	64	7.57595381280693	4295_D11	896.4003	4.44921147532406	4.3970034234597	1.31790842725964	4.06550599850343	3.93549367289612	1.31790842725964	1.18181008819877	2.59836725434066	2.72439598234272	2.32486267363348	2.75978837137494	2.39369790551839	4295	Selected	4	5	2	5	5	2	5	5	1	3	6	3	0	0	0	1	0	0	0.971428571428571	0	0	1	1	1	0.976190476190476	0.933803493696648	0.81731865159857	0.935662797306317	0.925	0.989130434782609	0.428571428571429	0	1	0	0	0	0	0.0833333333333333	1	1	0	0	0	0	0	0	0	1	0.525925925925926	0.457446808510638	0.447368421052632	0.487951807228916	0.480916030534351	0.595959595959596	0.6	0.527777777777778	0.458333333333333	0.2	0.31	0.6	0.447368421052632	0.04	0.79746835443038	0	0	0	0.596153846153846	0	0.00568181818181818	0	0	0	0	0	1	1	1	1	1	1	1	1	1	1	1	1	1	1	1	1	1
65	111	65	7.7096468655679	4295_H5	794.5028	4.32136054230515	4.21258632467283	1.30908934199698	4.07774328160743	3.98866447114374	1.30908934199698	1.12553194617663	2.09321469512727	3.02566310695009	2.37343084932639	2.48112035768904	2.01836035231227	4295	Selected	1	1	1	5	6	1	5	3	4	3	3	1	0	0	0	0	0	0	0.919047619047619	0	0.230769230769231	0.9	1	0.75	0.952097505668934	0.857633835549988	0.975408094272192	0.88748555539506	0.758333333333333	0.841304347826087	0.428571428571429	0	1	0	0	0.00222222222222222	0	0.291666666666667	1	1	0	0.0185185185185185	0	0	0	0	0	1	0.469565217391304	0.327868852459016	0.364864864864865	0.923076923076923	0.228571428571429	0.602040816326531	0.488372093023256	0.5	0.454545454545455	0.375	0.578125	0.458333333333333	0.5	0.409090909090909	0.142857142857143	0	0	0	0.431818181818182	0	0	0	0	0	0	0	1	1	1	1	1	1	1	1	1	1	1	1	1	1	1	1	1
66	111	66	7.70982561593376	4295_C8	845.7302	4.39551964798795	4.2946173506473	1.32873212980086	3.90359594246173	3.83140820271479	1.32873212980086	0.606602200431327	1.59131495814753	2.78438396204422	2.30749127051963	2.70341190024492	2.7009785689118	4295	Selected	3	2	4	1	2	4	1	2	1	2	5	5	0	0	0	0	0	0	0.890476190476191	0	0.153846153846154	1	0.416666666666667	0.75	0.915986394557823	0.937338105922105	0.836766681594268	0.974201534338036	0.841666666666667	0.958333333333333	0.428571428571429	0	0.8	0	0	0	0	0.333333333333333	1	0.5	0	0	0	0	1	0	0	0.75	0.542635658914729	0	0.378947368421053	0.396491228070175	0.728571428571429	0.450819672131148	0.771929824561403	0.357142857142857	0.421052631578947	0.45	0.823529411764706	0.171428571428571	0.409638554216867	0.71875	0.346153846153846	0	0	0	0.660377358490566	0	0	0	0	0	0	0	1	1	1	1	1	1	1	1	1	1	1	1	1	1	1	1	1
67	112	67	7.61285502804291	4295_C11	894.8416	4.48904322383364	4.41256000766931	1.33934024266908	4.0197245271918	3.88369772084482	1.33934024266908	0.940651751812605	1.85196001606596	3.0809725735623	2.26900713996646	2.58914706767611	2.31245923889043	4295	Selected	5	6	5	4	3	5	3	3	5	2	4	2	0	0	0	0	0	0	0.866666666666667	0	0.230769230769231	1	1	1	0.988095238095238	0.986325960173117	1	0.984989648033126	0.925	0.947463768115942	0.428571428571429	0	1	0.25	0.00453514739229025	0	0.5	0.208333333333333	1	1	0	0	0	0	0	0	0	0.75	0.5	0.506172839506173	0.45360824742268	0.345588235294118	0.612612612612613	0.666666666666667	0.484536082474227	0.64	0.434782608695652	0.578947368421053	0.395348837209302	0.409090909090909	0.153846153846154	0.27027027027027	0.340909090909091	0.04	0	0	0.409090909090909	0	0	0	0	0	0	0	1	1	1	1	1	1	1	1	1	1	1	1	1	1	1	1	1
68	112	68	7.61385984449755	4295_E6	807.8555	4.45144909013431	4.36308751813672	1.33512241221988	3.91958396694463	3.81830949755851	1.33512241221988	1.30886639093201	1.97973703283074	2.93856409667684	2.10739265607093	2.43795112871235	2.80977418300709	4295	Selected	4	4	4	2	2	4	6	3	3	1	3	6	0	0	1	0	0	0	0.759523809523809	0.5	0.0769230769230769	0.9	1	1	0.918083900226757	0.903583996991083	0.824671592775041	0.878704639928098	0.95	0.947463768115942	0.428571428571429	0	0.6	0	0.00925925925925926	0	0	0.458333333333333	1	1	0	0	0	0	0	1	0	1	0.504854368932039	0.327272727272727	0.376146788990826	0.557471264367816	0.771428571428571	0.642857142857143	0.48936170212766	0.6	0.444444444444444	0.2	0.328125	0.428571428571429	0.517241379310345	0.352941176470588	0.434782608695652	0	0	0	0.524590163934426	0	0	0	0	0	0	0	1	1	1	1	1	1	1	1	1	1	1	1	1	1	1	1	1
69	113	69	7.80688322914827	4295_F5	789.0072	4.37097054080423	4.23842334343292	1.33300084589751	3.91507592692683	3.7868359174214	1.33300084589751	1.10447900430672	2.88063033902354	2.96998940491854	2.36012160825434	2.75469469150815	2.45140436821499	4295	Selected	2	1	4	1	1	4	4	6	3	3	6	3	0	0	0	0	0	0	0.871428571428571	0.5	0	1	0.916666666666667	0.75	0.934240362811791	0.911101092898272	0.808188228269364	0.936310821935785	0.95	0.928260869565217	0.428571428571429	0	0.8	0.25	0	0	0	0.583333333333333	1	0.5	0	0	0	0	0	0	0	1	0.48421052631579	0.54	0.630434782608696	0.583783783783784	0.582089552238806	0.513513513513513	0.36986301369863	0.377777777777778	0.692307692307692	0.8	0.490566037735849	0.575	0.515151515151515	0.405405405405405	0.454545454545455	0	0	0	0.302325581395349	0	0	0	0	0	0	0	1	1	1	1	1	1	1	1	1	1	1	1	1	1	1	1	1
70	113	70	7.80745125743264	4295_B3	746.5341	4.36108199674706	4.17575027445652	1.34560456381557	4.09802710520483	3.97865675411573	1.34560456381557	0.962893989521327	3.12169262880485	3.11738673949556	2.42307140450665	2.87573940132026	2.02220305547375	4295	Selected	2	1	5	6	6	5	3	6	5	4	6	1	0	0	0	0	0	0	0.735714285714286	0	0.0769230769230769	1	0.916666666666667	0.75	0.874149659863946	0.932867167749265	0.830157925239061	0.862598197351067	0.85	0.915760869565217	0.428571428571429	0	0.4	0	0	0	0	0	1	1	0	0.611111111111111	1	0	0	0	0	0.75	0.445497630331754	0.471544715447154	0.553333333333333	0.53168044077135	0.405797101449275	0.572649572649573	0.268456375838926	0.4	0.423076923076923	0.4	0.0181818181818182	0.444444444444444	0.512820512820513	0.391304347826087	0.479591836734694	0	0.0078740157480315	0	0.430769230769231	0	0	0	0	0	0	0	1	1	1	1	1	1	1	1	1	1	1	1	1	1	1	1	1
71	99	71	7.91349297978946	4295_D1	705.0356	4.45072594579774	4.37653937273404	1.32873212980086	4.00464179178796	3.88605439161579	1.32873212980086	1.24062967534772	0.483595592002817	2.84609544620632	2.36180850784109	2.40829253959307	2.3126738881749	4295	Selected	4	5	4	3	4	4	6	1	2	3	2	2	0	0	0	0	0	0	0.859523809523809	0.25	0.0769230769230769	1	1	0.75	0.88265306122449	0.863341918911183	0.845552013909012	0.898571282237196	0.85	0.947463768115942	0	0	0.6	0.25	0	0	0.5	0.0833333333333333	1	0.5	0	0	0	0	1	0	0	1	0.374269005847953	0.603960396039604	0.475524475524476	0.47945205479452	0.388489208633094	0.536082474226804	0.515151515151515	0.448275862068966	0.538461538461538	0.666666666666667	0.602564102564103	0.653846153846154	0.526315789473684	0.807692307692308	0.432432432432432	0	0	0	0	0	0	0	0	0	0	0	1	1	1	1	1	1	1	1	1	1	1	1	1	1	1	1	1
72	99	72	7.91436345869735	4295_D4	771.838	4.43532699329173	4.36343844653397	1.32658486623186	3.99998744827205	3.90546944295951	1.32658486623186	0.901911566507019	2.61299204955722	3.09453114455102	2.59139006565918	2.69806721309438	2.19456925476271	4295	Selected	3	4	3	3	4	3	3	5	5	5	5	2	0	0	0	0	0	0	0.885714285714286	0	0.153846153846154	1	1	0.75	0.969954648526077	0.938054505842397	0.832900432900433	0.856325120206492	0.9	0.989130434782609	0.571428571428571	0	1	0	0	0	1	0.125	1	1	0	0	0	0	0	0	0	0.75	0.440366972477064	0.658227848101266	0.523255813953488	0.430656934306569	0.367521367521368	0.48936170212766	0.531914893617021	0.365853658536585	0.666666666666667	0.266666666666667	0.41747572815534	0.571428571428571	0.564102564102564	0.260869565217391	0.5	0	0	0	0	0	0	0	0	0	0	0	1	1	1	1	1	1	1	1	1	1	1	1	1	1	1	1	1
73	100	73	7.91222791842776	4295_A2	742.0897	4.32628985105638	4.21343463023454	1.30908934199698	3.90505021819239	3.78453800653689	1.30908934199698	0.693171356421369	1.25996035647578	3.04612550721129	2.4934377469045	2.33519933093314	2.47818849419196	4295	Selected	1	1	1	1	1	1	1	2	4	4	2	4	0	0	1	0	1	0	0.852380952380952	0.5	0.461538461538462	1	1	0.75	0.315908819668218	0.847684295680059	0.839775910364146	0.849058091386201	0.95	1	0.571428571428571	1	0.8	0.75	0.124716553287982	0.0476190476190476	0	0.625	1	1	0	0	0	0	0	0	0	1	0.536312849162011	0.5	0.610294117647059	0.0802139037433155	0.433333333333333	0.325688073394495	0.4140625	0.690140845070423	0.833333333333333	0.5	0.603448275862069	0.758620689655172	0.420731707317073	0.538461538461538	0.878048780487805	0	0	0	0	0	0	0	0	0	0	0	1	1	1	1	1	1	1	1	1	1	1	1	1	1	1	1	1
74	100	74	7.91177019057154	4295_D3	749.5515	4.41599761910168	4.31384169582698	1.33300084589751	4.03929662091637	3.94053083052473	1.33300084589751	0.808686914286701	3.08261711196978	3.06731574714908	2.39352463297262	2.75521125149177	2.67191624753787	4295	Selected	3	3	4	4	5	4	2	6	5	3	6	5	0	0	1	0	0	0	0.842857142857143	0	0.153846153846154	0.9	1	0.75	0.930480964315551	0.912276975567555	0.80927750410509	0.850779206188711	0.95	0.958333333333333	0.285714285714286	0	0.6	0	0	0	0	0.208333333333333	1	0	0	0	0	0	0	0	0	1	0.560810810810811	0.337209302325581	0.520833333333333	0.418960244648318	0.425	0.424778761061947	0.441441441441441	0.489795918367347	0.55	0.411764705882353	0.588235294117647	0.289473684210526	0.283783783783784	0.275862068965517	0.634146341463415	0	0	0	0	0	0	0	0	0	0	0	1	1	1	1	1	1	1	1	1	1	1	1	1	1	1	1	1
75	101	75	8.08427797794203	4295_F10	873.8198	4.48586251815261	4.39833791104852	1.33934024266908	4.12172555022423	4.03726544531238	1.33934024266908	1.07025223732166	1.88602108471748	3.1664783226745	2.58636680478223	2.84156258175368	1.90016534974876	4295	Selected	5	5	5	6	6	5	4	3	5	5	6	1	0	0	1	0	0	0	0.788888888888889	0	0.153846153846154	0.8	0.916666666666667	0.5	0.79875283446712	0.855538949012377	0.840229885057471	0.873725051193379	0.875	0.989130434782609	0.571428571428571	0	0.4	0	0.0444444444444444	0	0	0.0833333333333333	1	1	0	0	0	0	0	1	0	1	0.478260869565217	0.333333333333333	0.579365079365079	0.662116040955631	0.433333333333333	0.474358974358974	0.309734513274336	0.211267605633803	0.590909090909091	0.558823529411765	0.712765957446808	0.578947368421053	0.616279069767442	0.717391304347826	0.181818181818182	0	0	0	0.0217391304347826	0	0	0	0	0	0	0	1	1	1	1	1	1	1	1	1	1	1	1	1	1	1	1	1
76	101	76	8.08179488965345	4295_G7	831.4985	4.45749764910101	4.26151885938395	1.37780564806842	4.05850524190851	3.92430522239953	1.37780564806842	1.14107972633043	1.32318376029577	3.21353943047523	2.50204860012123	2.95907220194351	-0.943689211188517	4295	Selected	5	2	6	5	4	6	5	2	6	4	6	1	0	0	0	1	0	0	0.783333333333333	0	0.384615384615385	0.9	1	0.75	0.944160997732426	0.921192538383348	0.986110306191442	0.983540372670807	0.9	1	0.142857142857143	0	0.6	0	0	0	0	0	1	0.5	0	0.0185185185185185	1	0	0	0	0	1	0.492537313432836	0.48421052631579	0.571428571428571	0.590909090909091	0.298507462686567	0.403361344537815	0	0.375	0.294117647058824	0.285714285714286	0.534246575342466	0.428571428571429	0.428571428571429	0.692307692307692	0.349206349206349	0	0	0	0	0	0	0	0	0	0	0	1	1	1	1	1	1	1	1	1	1	1	1	1	1	1	1	1
77	103	77	7.92163645709011	4295_A8	849.2603	4.41092917541819	4.32626922089318	1.32442892239666	3.9742866216479	3.8473720591484	1.32442892239666	0.775578539773361	2.27206574578373	3.08980598299023	2.66259939173835	2.56262577538586	2.73871461004405	4295	Selected	3	3	3	3	3	3	2	4	5	6	4	6	0	0	1	0	0	0	0.947619047619048	0	0.230769230769231	0.9	1	1	0.971938775510204	0.935286098244966	0.854679802955665	0.974925157120482	0.925	0.989130434782609	0.571428571428571	0	0.6	0	0.037037037037037	0	0	0	1	1	0	0	0	0	0	0	0	1	0.629213483146067	0.46969696969697	0.416666666666667	0.267241379310345	0.573333333333333	0.738095238095238	0.24468085106383	0.612244897959184	0.4	0.12	0.4875	0.625	0.340659340659341	0.16	0.857142857142857	0	0	0	0.0175438596491228	0	0	0	0	0	0	0	1	1	1	1	1	1	1	1	1	1	1	1	1	1	1	1	1
78	103	78	7.92132085623862	4295_A3	743.8113	4.45593508665743	4.41037275205659	1.31790842725964	4.04372913799045	3.96577889283033	1.31790842725964	0.728556309064773	2.78712892209094	2.74371820084776	2.25714989698602	2.51153402983911	2.30441459176486	4295	Selected	4	6	2	5	5	2	1	6	1	2	3	2	0	0	0	0	0	0	0.713492063492064	0	0.230769230769231	1	1	0.75	0.938208616780045	0.866186798606082	0.852380952380952	0.952897547627072	0.841666666666667	0.925724637681159	0.428571428571429	0	0.6	0	0	0	0	0.125	1	1	0	0	0	0	0	0	0	1	0.228813559322034	0.473684210526316	0.515151515151515	0.491467576791809	0.538461538461538	0.223300970873786	0.295918367346939	0.31578947368421	0.647058823529412	0.142857142857143	0.224489795918367	0.475	0.391752577319588	0.697674418604651	0.515151515151515	0	0	0	0	0	0.00485436893203883	0	0	0	0	0	1	1	1	1	1	1	1	1	1	1	1	1	1	1	1	1	1
79	104	79	7.87489831916106	4295_A7	814.4169	4.45758320371445	4.34824841336335	1.34560456381557	3.90009166150053	3.77195042369073	1.34560456381557	0.884608486658931	2.04780664672103	2.77472117555471	2.64019244087855	2.53849364080434	2.48082872115945	4295	Selected	5	4	5	1	1	5	3	3	1	5	4	4	0	0	0	0	0	0	0.866666666666667	0	0	0.9	1	1	0.956349206349206	0.944355771287846	0.852216748768473	0.981667388896914	0.925	0.958333333333333	0	0	0.8	0	0	0	0	0	1	0.5	0	0	0	0	0	0	0	1	0.326086956521739	0.505263157894737	0.46551724137931	0.747081712062257	0.427083333333333	0.428571428571429	0.611940298507463	0.282608695652174	0.35	0.5	0.423076923076923	0.825	0.518518518518518	0.821428571428571	0.833333333333333	0	0	0.00763358778625954	0	0	0	0	0	0	0	0	1	1	1	1	1	1	1	1	1	1	1	1	1	1	1	1	1
80	104	80	7.87232279007515	4295_F4	765.4613	4.47840699209824	4.36797781066686	1.35179528227518	3.99802191292904	3.87020160238179	1.35179528227518	1.12547314643456	0.97744361178286	3.46043622237178	2.34823300989807	2.5764448423704	1.26264301264079	4295	Selected	5	4	6	3	3	6	5	1	6	3	4	1	0	0	0	0	0	0	0.866666666666667	0	0.307692307692308	1	1	0.75	0.886621315192744	0.869325961793198	0.828571428571429	0.867985539345499	0.925	0.947463768115942	0.428571428571429	0	0.8	0.25	0.00925925925925926	0	0	0.333333333333333	1	1	0	0	0	0	0	1	0	1	0.463414634146341	0.552380952380952	0.10625	0.563685636856369	0.453183520599251	0.516304347826087	0.40974212034384	0.419354838709677	0.826086956521739	0.293103448275862	0.438287153652393	0.375	0.369098712446352	0.507575757575758	0.611570247933884	0	0	0.00286532951289398	0	0	0	0	0	0	0	0	1	1	1	1	1	1	1	1	1	1	1	1	1	1	1	1	1
81	92	81	8.01558569663605	4295_C2	736.5052	4.44189506896065	4.34835630569898	1.33723552586952	3.97191338787186	3.84898735116842	1.33723552586952	1.12585940753734	0.0569569140266003	3.11613847720956	2.37420453749376	2.31686899299006	2.46641919775691	4295	Selected	4	4	5	3	3	5	5	1	5	3	2	3	0	0	0	0	0	0	0.904761904761905	0.25	0.153846153846154	0.9	1	0.75	0.950113378684807	0.961751920030744	1	0.962365785545765	0.975	0.989130434782609	0	0	0.4	0	0	0.00909090909090909	0	0	1	0.5	0	0	0	0	0	0	0	1	0.227272727272727	0.333333333333333	0.595744680851064	0.38121546961326	0.543478260869565	0.556818181818182	0.60952380952381	0.236363636363636	0.705882352941177	0.625	0.795454545454545	0.620689655172414	0.478260869565217	0.285714285714286	0.634146341463415	0	0	0	0	0	0	0	0	0	0	0	1	1	1	1	1	1	1	1	1	1	1	1	1	1	1	1	1
82	92	82	8.01462806447803	4295_E9	862.0318	4.36421146776294	4.22563233230346	1.33512241221988	4.06230248871451	3.94740933658804	1.33512241221988	1.32614967049395	2.70501403302008	2.78392472793407	2.09836548516025	2.52976727283477	1.88354936889572	4295	Selected	2	1	4	5	5	4	6	5	1	1	4	1	0	0.5	0	0	0	0	0.711904761904762	0	0.0769230769230769	1	0.954545454545455	0.5	0.83843537414966	0.87228362259031	0.845155993431856	0.901051446867928	0.816666666666667	0.989130434782609	0.571428571428571	0	0.4	0	0.0136054421768707	0	0	0.0833333333333333	1	1	0	0	0	0	0	0	0	1	0.389705882352941	0.641975308641975	0.524193548387097	0.279461279461279	0.43298969072165	0.450980392156863	0.483516483516484	0.588235294117647	0.476190476190476	0.0666666666666667	0.558823529411765	0.555555555555556	0.532710280373832	0.519230769230769	0.463414634146341	0	0	0	0	0	0	0	0	0	0	0	1	1	1	1	1	1	1	1	1	1	1	1	1	1	1	1	1
83	83	83	NA	Node2	NA	NA	NA	NA	NA	NA	NA	NA	NA	NA	NA	NA	NA	NA	NA	NA	NA	NA	NA	NA	NA	NA	NA	NA	NA	NA	NA	NA	NA	NA	NA	NA	NA	NA	NA	NA	NA	NA	NA	NA	NA	NA	NA	NA	NA	NA	NA	NA	NA	NA	NA	NA	NA	NA	NA	NA	NA	NA	NA	NA	NA	NA	NA	NA	NA	NA	NA	NA	NA	NA	NA	NA	NA	NA	NA	NA	NA	NA	NA	NA	NA	NA	NA	NA	NA	NA	NA	NA	NA	NA	NA	NA	NA	NA	NA	NA	NA	NA	NA	NA	NA	NA	NA	NA	NA	NA
84	83	84	1.83940728243718	Node3	NA	NA	NA	NA	NA	NA	NA	NA	NA	NA	NA	NA	NA	NA	NA	NA	NA	NA	NA	NA	NA	NA	NA	NA	NA	NA	NA	NA	NA	NA	NA	NA	NA	NA	NA	NA	NA	NA	NA	NA	NA	NA	NA	NA	NA	NA	NA	NA	NA	NA	NA	NA	NA	NA	NA	NA	NA	NA	NA	NA	NA	NA	NA	NA	NA	NA	NA	NA	NA	NA	NA	NA	NA	NA	NA	NA	NA	NA	NA	NA	NA	NA	NA	NA	NA	NA	NA	NA	NA	NA	NA	NA	NA	NA	NA	NA	NA	NA	NA	NA	NA	NA	NA	NA	NA	NA
85	84	85	1.30716855469956	Node4	NA	NA	NA	NA	NA	NA	NA	NA	NA	NA	NA	NA	NA	NA	NA	NA	NA	NA	NA	NA	NA	NA	NA	NA	NA	NA	NA	NA	NA	NA	NA	NA	NA	NA	NA	NA	NA	NA	NA	NA	NA	NA	NA	NA	NA	NA	NA	NA	NA	NA	NA	NA	NA	NA	NA	NA	NA	NA	NA	NA	NA	NA	NA	NA	NA	NA	NA	NA	NA	NA	NA	NA	NA	NA	NA	NA	NA	NA	NA	NA	NA	NA	NA	NA	NA	NA	NA	NA	NA	NA	NA	NA	NA	NA	NA	NA	NA	NA	NA	NA	NA	NA	NA	NA	NA	NA
86	85	86	0.290138011440506	Node5	NA	NA	NA	NA	NA	NA	NA	NA	NA	NA	NA	NA	NA	NA	NA	NA	NA	NA	NA	NA	NA	NA	NA	NA	NA	NA	NA	NA	NA	NA	NA	NA	NA	NA	NA	NA	NA	NA	NA	NA	NA	NA	NA	NA	NA	NA	NA	NA	NA	NA	NA	NA	NA	NA	NA	NA	NA	NA	NA	NA	NA	NA	NA	NA	NA	NA	NA	NA	NA	NA	NA	NA	NA	NA	NA	NA	NA	NA	NA	NA	NA	NA	NA	NA	NA	NA	NA	NA	NA	NA	NA	NA	NA	NA	NA	NA	NA	NA	NA	NA	NA	NA	NA	NA	NA	NA
87	86	87	0.806324971644282	Node6	NA	NA	NA	NA	NA	NA	NA	NA	NA	NA	NA	NA	NA	NA	NA	NA	NA	NA	NA	NA	NA	NA	NA	NA	NA	NA	NA	NA	NA	NA	NA	NA	NA	NA	NA	NA	NA	NA	NA	NA	NA	NA	NA	NA	NA	NA	NA	NA	NA	NA	NA	NA	NA	NA	NA	NA	NA	NA	NA	NA	NA	NA	NA	NA	NA	NA	NA	NA	NA	NA	NA	NA	NA	NA	NA	NA	NA	NA	NA	NA	NA	NA	NA	NA	NA	NA	NA	NA	NA	NA	NA	NA	NA	NA	NA	NA	NA	NA	NA	NA	NA	NA	NA	NA	NA	NA
88	87	88	0.123843412706195	Node7	NA	NA	NA	NA	NA	NA	NA	NA	NA	NA	NA	NA	NA	NA	NA	NA	NA	NA	NA	NA	NA	NA	NA	NA	NA	NA	NA	NA	NA	NA	NA	NA	NA	NA	NA	NA	NA	NA	NA	NA	NA	NA	NA	NA	NA	NA	NA	NA	NA	NA	NA	NA	NA	NA	NA	NA	NA	NA	NA	NA	NA	NA	NA	NA	NA	NA	NA	NA	NA	NA	NA	NA	NA	NA	NA	NA	NA	NA	NA	NA	NA	NA	NA	NA	NA	NA	NA	NA	NA	NA	NA	NA	NA	NA	NA	NA	NA	NA	NA	NA	NA	NA	NA	NA	NA	NA
89	88	89	0.0821021804779455	Node8	NA	NA	NA	NA	NA	NA	NA	NA	NA	NA	NA	NA	NA	NA	NA	NA	NA	NA	NA	NA	NA	NA	NA	NA	NA	NA	NA	NA	NA	NA	NA	NA	NA	NA	NA	NA	NA	NA	NA	NA	NA	NA	NA	NA	NA	NA	NA	NA	NA	NA	NA	NA	NA	NA	NA	NA	NA	NA	NA	NA	NA	NA	NA	NA	NA	NA	NA	NA	NA	NA	NA	NA	NA	NA	NA	NA	NA	NA	NA	NA	NA	NA	NA	NA	NA	NA	NA	NA	NA	NA	NA	NA	NA	NA	NA	NA	NA	NA	NA	NA	NA	NA	NA	NA	NA	NA
90	89	90	0.122937148424093	Node9	NA	NA	NA	NA	NA	NA	NA	NA	NA	NA	NA	NA	NA	NA	NA	NA	NA	NA	NA	NA	NA	NA	NA	NA	NA	NA	NA	NA	NA	NA	NA	NA	NA	NA	NA	NA	NA	NA	NA	NA	NA	NA	NA	NA	NA	NA	NA	NA	NA	NA	NA	NA	NA	NA	NA	NA	NA	NA	NA	NA	NA	NA	NA	NA	NA	NA	NA	NA	NA	NA	NA	NA	NA	NA	NA	NA	NA	NA	NA	NA	NA	NA	NA	NA	NA	NA	NA	NA	NA	NA	NA	NA	NA	NA	NA	NA	NA	NA	NA	NA	NA	NA	NA	NA	NA	NA
91	90	91	0.128911572470167	Node10	NA	NA	NA	NA	NA	NA	NA	NA	NA	NA	NA	NA	NA	NA	NA	NA	NA	NA	NA	NA	NA	NA	NA	NA	NA	NA	NA	NA	NA	NA	NA	NA	NA	NA	NA	NA	NA	NA	NA	NA	NA	NA	NA	NA	NA	NA	NA	NA	NA	NA	NA	NA	NA	NA	NA	NA	NA	NA	NA	NA	NA	NA	NA	NA	NA	NA	NA	NA	NA	NA	NA	NA	NA	NA	NA	NA	NA	NA	NA	NA	NA	NA	NA	NA	NA	NA	NA	NA	NA	NA	NA	NA	NA	NA	NA	NA	NA	NA	NA	NA	NA	NA	NA	NA	NA	NA
92	91	92	0.380287023041108	Node11	NA	NA	NA	NA	NA	NA	NA	NA	NA	NA	NA	NA	NA	NA	NA	NA	NA	NA	NA	NA	NA	NA	NA	NA	NA	NA	NA	NA	NA	NA	NA	NA	NA	NA	NA	NA	NA	NA	NA	NA	NA	NA	NA	NA	NA	NA	NA	NA	NA	NA	NA	NA	NA	NA	NA	NA	NA	NA	NA	NA	NA	NA	NA	NA	NA	NA	NA	NA	NA	NA	NA	NA	NA	NA	NA	NA	NA	NA	NA	NA	NA	NA	NA	NA	NA	NA	NA	NA	NA	NA	NA	NA	NA	NA	NA	NA	NA	NA	NA	NA	NA	NA	NA	NA	NA	NA
93	91	93	0.18387516489495	Node12	NA	NA	NA	NA	NA	NA	NA	NA	NA	NA	NA	NA	NA	NA	NA	NA	NA	NA	NA	NA	NA	NA	NA	NA	NA	NA	NA	NA	NA	NA	NA	NA	NA	NA	NA	NA	NA	NA	NA	NA	NA	NA	NA	NA	NA	NA	NA	NA	NA	NA	NA	NA	NA	NA	NA	NA	NA	NA	NA	NA	NA	NA	NA	NA	NA	NA	NA	NA	NA	NA	NA	NA	NA	NA	NA	NA	NA	NA	NA	NA	NA	NA	NA	NA	NA	NA	NA	NA	NA	NA	NA	NA	NA	NA	NA	NA	NA	NA	NA	NA	NA	NA	NA	NA	NA	NA
94	90	94	0.35194208017775	Node13	NA	NA	NA	NA	NA	NA	NA	NA	NA	NA	NA	NA	NA	NA	NA	NA	NA	NA	NA	NA	NA	NA	NA	NA	NA	NA	NA	NA	NA	NA	NA	NA	NA	NA	NA	NA	NA	NA	NA	NA	NA	NA	NA	NA	NA	NA	NA	NA	NA	NA	NA	NA	NA	NA	NA	NA	NA	NA	NA	NA	NA	NA	NA	NA	NA	NA	NA	NA	NA	NA	NA	NA	NA	NA	NA	NA	NA	NA	NA	NA	NA	NA	NA	NA	NA	NA	NA	NA	NA	NA	NA	NA	NA	NA	NA	NA	NA	NA	NA	NA	NA	NA	NA	NA	NA	NA
95	94	95	0.200328035728852	Node14	NA	NA	NA	NA	NA	NA	NA	NA	NA	NA	NA	NA	NA	NA	NA	NA	NA	NA	NA	NA	NA	NA	NA	NA	NA	NA	NA	NA	NA	NA	NA	NA	NA	NA	NA	NA	NA	NA	NA	NA	NA	NA	NA	NA	NA	NA	NA	NA	NA	NA	NA	NA	NA	NA	NA	NA	NA	NA	NA	NA	NA	NA	NA	NA	NA	NA	NA	NA	NA	NA	NA	NA	NA	NA	NA	NA	NA	NA	NA	NA	NA	NA	NA	NA	NA	NA	NA	NA	NA	NA	NA	NA	NA	NA	NA	NA	NA	NA	NA	NA	NA	NA	NA	NA	NA	NA
96	89	96	0.112088860622294	Node15	NA	NA	NA	NA	NA	NA	NA	NA	NA	NA	NA	NA	NA	NA	NA	NA	NA	NA	NA	NA	NA	NA	NA	NA	NA	NA	NA	NA	NA	NA	NA	NA	NA	NA	NA	NA	NA	NA	NA	NA	NA	NA	NA	NA	NA	NA	NA	NA	NA	NA	NA	NA	NA	NA	NA	NA	NA	NA	NA	NA	NA	NA	NA	NA	NA	NA	NA	NA	NA	NA	NA	NA	NA	NA	NA	NA	NA	NA	NA	NA	NA	NA	NA	NA	NA	NA	NA	NA	NA	NA	NA	NA	NA	NA	NA	NA	NA	NA	NA	NA	NA	NA	NA	NA	NA	NA
97	96	97	0.0815686396608049	Node16	NA	NA	NA	NA	NA	NA	NA	NA	NA	NA	NA	NA	NA	NA	NA	NA	NA	NA	NA	NA	NA	NA	NA	NA	NA	NA	NA	NA	NA	NA	NA	NA	NA	NA	NA	NA	NA	NA	NA	NA	NA	NA	NA	NA	NA	NA	NA	NA	NA	NA	NA	NA	NA	NA	NA	NA	NA	NA	NA	NA	NA	NA	NA	NA	NA	NA	NA	NA	NA	NA	NA	NA	NA	NA	NA	NA	NA	NA	NA	NA	NA	NA	NA	NA	NA	NA	NA	NA	NA	NA	NA	NA	NA	NA	NA	NA	NA	NA	NA	NA	NA	NA	NA	NA	NA	NA
98	97	98	0.196825041576059	Node17	NA	NA	NA	NA	NA	NA	NA	NA	NA	NA	NA	NA	NA	NA	NA	NA	NA	NA	NA	NA	NA	NA	NA	NA	NA	NA	NA	NA	NA	NA	NA	NA	NA	NA	NA	NA	NA	NA	NA	NA	NA	NA	NA	NA	NA	NA	NA	NA	NA	NA	NA	NA	NA	NA	NA	NA	NA	NA	NA	NA	NA	NA	NA	NA	NA	NA	NA	NA	NA	NA	NA	NA	NA	NA	NA	NA	NA	NA	NA	NA	NA	NA	NA	NA	NA	NA	NA	NA	NA	NA	NA	NA	NA	NA	NA	NA	NA	NA	NA	NA	NA	NA	NA	NA	NA	NA
99	98	99	0.342814167537799	Node18	NA	NA	NA	NA	NA	NA	NA	NA	NA	NA	NA	NA	NA	NA	NA	NA	NA	NA	NA	NA	NA	NA	NA	NA	NA	NA	NA	NA	NA	NA	NA	NA	NA	NA	NA	NA	NA	NA	NA	NA	NA	NA	NA	NA	NA	NA	NA	NA	NA	NA	NA	NA	NA	NA	NA	NA	NA	NA	NA	NA	NA	NA	NA	NA	NA	NA	NA	NA	NA	NA	NA	NA	NA	NA	NA	NA	NA	NA	NA	NA	NA	NA	NA	NA	NA	NA	NA	NA	NA	NA	NA	NA	NA	NA	NA	NA	NA	NA	NA	NA	NA	NA	NA	NA	NA	NA
100	98	100	0.345834354670881	Node19	NA	NA	NA	NA	NA	NA	NA	NA	NA	NA	NA	NA	NA	NA	NA	NA	NA	NA	NA	NA	NA	NA	NA	NA	NA	NA	NA	NA	NA	NA	NA	NA	NA	NA	NA	NA	NA	NA	NA	NA	NA	NA	NA	NA	NA	NA	NA	NA	NA	NA	NA	NA	NA	NA	NA	NA	NA	NA	NA	NA	NA	NA	NA	NA	NA	NA	NA	NA	NA	NA	NA	NA	NA	NA	NA	NA	NA	NA	NA	NA	NA	NA	NA	NA	NA	NA	NA	NA	NA	NA	NA	NA	NA	NA	NA	NA	NA	NA	NA	NA	NA	NA	NA	NA	NA	NA
101	97	101	0.372647218770957	Node20	NA	NA	NA	NA	NA	NA	NA	NA	NA	NA	NA	NA	NA	NA	NA	NA	NA	NA	NA	NA	NA	NA	NA	NA	NA	NA	NA	NA	NA	NA	NA	NA	NA	NA	NA	NA	NA	NA	NA	NA	NA	NA	NA	NA	NA	NA	NA	NA	NA	NA	NA	NA	NA	NA	NA	NA	NA	NA	NA	NA	NA	NA	NA	NA	NA	NA	NA	NA	NA	NA	NA	NA	NA	NA	NA	NA	NA	NA	NA	NA	NA	NA	NA	NA	NA	NA	NA	NA	NA	NA	NA	NA	NA	NA	NA	NA	NA	NA	NA	NA	NA	NA	NA	NA	NA	NA
102	96	102	0.22895878006747	Node21	NA	NA	NA	NA	NA	NA	NA	NA	NA	NA	NA	NA	NA	NA	NA	NA	NA	NA	NA	NA	NA	NA	NA	NA	NA	NA	NA	NA	NA	NA	NA	NA	NA	NA	NA	NA	NA	NA	NA	NA	NA	NA	NA	NA	NA	NA	NA	NA	NA	NA	NA	NA	NA	NA	NA	NA	NA	NA	NA	NA	NA	NA	NA	NA	NA	NA	NA	NA	NA	NA	NA	NA	NA	NA	NA	NA	NA	NA	NA	NA	NA	NA	NA	NA	NA	NA	NA	NA	NA	NA	NA	NA	NA	NA	NA	NA	NA	NA	NA	NA	NA	NA	NA	NA	NA	NA
103	102	103	0.384791708222709	Node22	NA	NA	NA	NA	NA	NA	NA	NA	NA	NA	NA	NA	NA	NA	NA	NA	NA	NA	NA	NA	NA	NA	NA	NA	NA	NA	NA	NA	NA	NA	NA	NA	NA	NA	NA	NA	NA	NA	NA	NA	NA	NA	NA	NA	NA	NA	NA	NA	NA	NA	NA	NA	NA	NA	NA	NA	NA	NA	NA	NA	NA	NA	NA	NA	NA	NA	NA	NA	NA	NA	NA	NA	NA	NA	NA	NA	NA	NA	NA	NA	NA	NA	NA	NA	NA	NA	NA	NA	NA	NA	NA	NA	NA	NA	NA	NA	NA	NA	NA	NA	NA	NA	NA	NA	NA	NA
104	102	104	0.43274232099287	Node23	NA	NA	NA	NA	NA	NA	NA	NA	NA	NA	NA	NA	NA	NA	NA	NA	NA	NA	NA	NA	NA	NA	NA	NA	NA	NA	NA	NA	NA	NA	NA	NA	NA	NA	NA	NA	NA	NA	NA	NA	NA	NA	NA	NA	NA	NA	NA	NA	NA	NA	NA	NA	NA	NA	NA	NA	NA	NA	NA	NA	NA	NA	NA	NA	NA	NA	NA	NA	NA	NA	NA	NA	NA	NA	NA	NA	NA	NA	NA	NA	NA	NA	NA	NA	NA	NA	NA	NA	NA	NA	NA	NA	NA	NA	NA	NA	NA	NA	NA	NA	NA	NA	NA	NA	NA	NA
105	88	105	0.345384188406351	Node24	NA	NA	NA	NA	NA	NA	NA	NA	NA	NA	NA	NA	NA	NA	NA	NA	NA	NA	NA	NA	NA	NA	NA	NA	NA	NA	NA	NA	NA	NA	NA	NA	NA	NA	NA	NA	NA	NA	NA	NA	NA	NA	NA	NA	NA	NA	NA	NA	NA	NA	NA	NA	NA	NA	NA	NA	NA	NA	NA	NA	NA	NA	NA	NA	NA	NA	NA	NA	NA	NA	NA	NA	NA	NA	NA	NA	NA	NA	NA	NA	NA	NA	NA	NA	NA	NA	NA	NA	NA	NA	NA	NA	NA	NA	NA	NA	NA	NA	NA	NA	NA	NA	NA	NA	NA	NA
106	105	106	0.124763406594639	Node25	NA	NA	NA	NA	NA	NA	NA	NA	NA	NA	NA	NA	NA	NA	NA	NA	NA	NA	NA	NA	NA	NA	NA	NA	NA	NA	NA	NA	NA	NA	NA	NA	NA	NA	NA	NA	NA	NA	NA	NA	NA	NA	NA	NA	NA	NA	NA	NA	NA	NA	NA	NA	NA	NA	NA	NA	NA	NA	NA	NA	NA	NA	NA	NA	NA	NA	NA	NA	NA	NA	NA	NA	NA	NA	NA	NA	NA	NA	NA	NA	NA	NA	NA	NA	NA	NA	NA	NA	NA	NA	NA	NA	NA	NA	NA	NA	NA	NA	NA	NA	NA	NA	NA	NA	NA	NA
107	106	107	0.223253693124889	Node26	NA	NA	NA	NA	NA	NA	NA	NA	NA	NA	NA	NA	NA	NA	NA	NA	NA	NA	NA	NA	NA	NA	NA	NA	NA	NA	NA	NA	NA	NA	NA	NA	NA	NA	NA	NA	NA	NA	NA	NA	NA	NA	NA	NA	NA	NA	NA	NA	NA	NA	NA	NA	NA	NA	NA	NA	NA	NA	NA	NA	NA	NA	NA	NA	NA	NA	NA	NA	NA	NA	NA	NA	NA	NA	NA	NA	NA	NA	NA	NA	NA	NA	NA	NA	NA	NA	NA	NA	NA	NA	NA	NA	NA	NA	NA	NA	NA	NA	NA	NA	NA	NA	NA	NA	NA	NA
108	107	108	0.321242906337246	Node27	NA	NA	NA	NA	NA	NA	NA	NA	NA	NA	NA	NA	NA	NA	NA	NA	NA	NA	NA	NA	NA	NA	NA	NA	NA	NA	NA	NA	NA	NA	NA	NA	NA	NA	NA	NA	NA	NA	NA	NA	NA	NA	NA	NA	NA	NA	NA	NA	NA	NA	NA	NA	NA	NA	NA	NA	NA	NA	NA	NA	NA	NA	NA	NA	NA	NA	NA	NA	NA	NA	NA	NA	NA	NA	NA	NA	NA	NA	NA	NA	NA	NA	NA	NA	NA	NA	NA	NA	NA	NA	NA	NA	NA	NA	NA	NA	NA	NA	NA	NA	NA	NA	NA	NA	NA	NA
109	107	109	0.458846311632515	Node28	NA	NA	NA	NA	NA	NA	NA	NA	NA	NA	NA	NA	NA	NA	NA	NA	NA	NA	NA	NA	NA	NA	NA	NA	NA	NA	NA	NA	NA	NA	NA	NA	NA	NA	NA	NA	NA	NA	NA	NA	NA	NA	NA	NA	NA	NA	NA	NA	NA	NA	NA	NA	NA	NA	NA	NA	NA	NA	NA	NA	NA	NA	NA	NA	NA	NA	NA	NA	NA	NA	NA	NA	NA	NA	NA	NA	NA	NA	NA	NA	NA	NA	NA	NA	NA	NA	NA	NA	NA	NA	NA	NA	NA	NA	NA	NA	NA	NA	NA	NA	NA	NA	NA	NA	NA	NA
110	106	110	0.251272516596029	Node29	NA	NA	NA	NA	NA	NA	NA	NA	NA	NA	NA	NA	NA	NA	NA	NA	NA	NA	NA	NA	NA	NA	NA	NA	NA	NA	NA	NA	NA	NA	NA	NA	NA	NA	NA	NA	NA	NA	NA	NA	NA	NA	NA	NA	NA	NA	NA	NA	NA	NA	NA	NA	NA	NA	NA	NA	NA	NA	NA	NA	NA	NA	NA	NA	NA	NA	NA	NA	NA	NA	NA	NA	NA	NA	NA	NA	NA	NA	NA	NA	NA	NA	NA	NA	NA	NA	NA	NA	NA	NA	NA	NA	NA	NA	NA	NA	NA	NA	NA	NA	NA	NA	NA	NA	NA	NA
111	110	111	0.298321092506332	Node30	NA	NA	NA	NA	NA	NA	NA	NA	NA	NA	NA	NA	NA	NA	NA	NA	NA	NA	NA	NA	NA	NA	NA	NA	NA	NA	NA	NA	NA	NA	NA	NA	NA	NA	NA	NA	NA	NA	NA	NA	NA	NA	NA	NA	NA	NA	NA	NA	NA	NA	NA	NA	NA	NA	NA	NA	NA	NA	NA	NA	NA	NA	NA	NA	NA	NA	NA	NA	NA	NA	NA	NA	NA	NA	NA	NA	NA	NA	NA	NA	NA	NA	NA	NA	NA	NA	NA	NA	NA	NA	NA	NA	NA	NA	NA	NA	NA	NA	NA	NA	NA	NA	NA	NA	NA	NA
112	110	112	0.394482931011357	Node31	NA	NA	NA	NA	NA	NA	NA	NA	NA	NA	NA	NA	NA	NA	NA	NA	NA	NA	NA	NA	NA	NA	NA	NA	NA	NA	NA	NA	NA	NA	NA	NA	NA	NA	NA	NA	NA	NA	NA	NA	NA	NA	NA	NA	NA	NA	NA	NA	NA	NA	NA	NA	NA	NA	NA	NA	NA	NA	NA	NA	NA	NA	NA	NA	NA	NA	NA	NA	NA	NA	NA	NA	NA	NA	NA	NA	NA	NA	NA	NA	NA	NA	NA	NA	NA	NA	NA	NA	NA	NA	NA	NA	NA	NA	NA	NA	NA	NA	NA	NA	NA	NA	NA	NA	NA	NA
113	105	113	0.57687123395593	Node32	NA	NA	NA	NA	NA	NA	NA	NA	NA	NA	NA	NA	NA	NA	NA	NA	NA	NA	NA	NA	NA	NA	NA	NA	NA	NA	NA	NA	NA	NA	NA	NA	NA	NA	NA	NA	NA	NA	NA	NA	NA	NA	NA	NA	NA	NA	NA	NA	NA	NA	NA	NA	NA	NA	NA	NA	NA	NA	NA	NA	NA	NA	NA	NA	NA	NA	NA	NA	NA	NA	NA	NA	NA	NA	NA	NA	NA	NA	NA	NA	NA	NA	NA	NA	NA	NA	NA	NA	NA	NA	NA	NA	NA	NA	NA	NA	NA	NA	NA	NA	NA	NA	NA	NA	NA	NA
114	87	114	0.173062550391222	Node33	NA	NA	NA	NA	NA	NA	NA	NA	NA	NA	NA	NA	NA	NA	NA	NA	NA	NA	NA	NA	NA	NA	NA	NA	NA	NA	NA	NA	NA	NA	NA	NA	NA	NA	NA	NA	NA	NA	NA	NA	NA	NA	NA	NA	NA	NA	NA	NA	NA	NA	NA	NA	NA	NA	NA	NA	NA	NA	NA	NA	NA	NA	NA	NA	NA	NA	NA	NA	NA	NA	NA	NA	NA	NA	NA	NA	NA	NA	NA	NA	NA	NA	NA	NA	NA	NA	NA	NA	NA	NA	NA	NA	NA	NA	NA	NA	NA	NA	NA	NA	NA	NA	NA	NA	NA	NA
115	114	115	0.156733287200757	Node34	NA	NA	NA	NA	NA	NA	NA	NA	NA	NA	NA	NA	NA	NA	NA	NA	NA	NA	NA	NA	NA	NA	NA	NA	NA	NA	NA	NA	NA	NA	NA	NA	NA	NA	NA	NA	NA	NA	NA	NA	NA	NA	NA	NA	NA	NA	NA	NA	NA	NA	NA	NA	NA	NA	NA	NA	NA	NA	NA	NA	NA	NA	NA	NA	NA	NA	NA	NA	NA	NA	NA	NA	NA	NA	NA	NA	NA	NA	NA	NA	NA	NA	NA	NA	NA	NA	NA	NA	NA	NA	NA	NA	NA	NA	NA	NA	NA	NA	NA	NA	NA	NA	NA	NA	NA	NA
116	115	116	0.288853718966624	Node35	NA	NA	NA	NA	NA	NA	NA	NA	NA	NA	NA	NA	NA	NA	NA	NA	NA	NA	NA	NA	NA	NA	NA	NA	NA	NA	NA	NA	NA	NA	NA	NA	NA	NA	NA	NA	NA	NA	NA	NA	NA	NA	NA	NA	NA	NA	NA	NA	NA	NA	NA	NA	NA	NA	NA	NA	NA	NA	NA	NA	NA	NA	NA	NA	NA	NA	NA	NA	NA	NA	NA	NA	NA	NA	NA	NA	NA	NA	NA	NA	NA	NA	NA	NA	NA	NA	NA	NA	NA	NA	NA	NA	NA	NA	NA	NA	NA	NA	NA	NA	NA	NA	NA	NA	NA	NA
117	116	117	0.375424704862889	Node36	NA	NA	NA	NA	NA	NA	NA	NA	NA	NA	NA	NA	NA	NA	NA	NA	NA	NA	NA	NA	NA	NA	NA	NA	NA	NA	NA	NA	NA	NA	NA	NA	NA	NA	NA	NA	NA	NA	NA	NA	NA	NA	NA	NA	NA	NA	NA	NA	NA	NA	NA	NA	NA	NA	NA	NA	NA	NA	NA	NA	NA	NA	NA	NA	NA	NA	NA	NA	NA	NA	NA	NA	NA	NA	NA	NA	NA	NA	NA	NA	NA	NA	NA	NA	NA	NA	NA	NA	NA	NA	NA	NA	NA	NA	NA	NA	NA	NA	NA	NA	NA	NA	NA	NA	NA	NA
118	116	118	0.406751993522805	Node37	NA	NA	NA	NA	NA	NA	NA	NA	NA	NA	NA	NA	NA	NA	NA	NA	NA	NA	NA	NA	NA	NA	NA	NA	NA	NA	NA	NA	NA	NA	NA	NA	NA	NA	NA	NA	NA	NA	NA	NA	NA	NA	NA	NA	NA	NA	NA	NA	NA	NA	NA	NA	NA	NA	NA	NA	NA	NA	NA	NA	NA	NA	NA	NA	NA	NA	NA	NA	NA	NA	NA	NA	NA	NA	NA	NA	NA	NA	NA	NA	NA	NA	NA	NA	NA	NA	NA	NA	NA	NA	NA	NA	NA	NA	NA	NA	NA	NA	NA	NA	NA	NA	NA	NA	NA	NA
119	115	119	0.0899867654856235	Node38	NA	NA	NA	NA	NA	NA	NA	NA	NA	NA	NA	NA	NA	NA	NA	NA	NA	NA	NA	NA	NA	NA	NA	NA	NA	NA	NA	NA	NA	NA	NA	NA	NA	NA	NA	NA	NA	NA	NA	NA	NA	NA	NA	NA	NA	NA	NA	NA	NA	NA	NA	NA	NA	NA	NA	NA	NA	NA	NA	NA	NA	NA	NA	NA	NA	NA	NA	NA	NA	NA	NA	NA	NA	NA	NA	NA	NA	NA	NA	NA	NA	NA	NA	NA	NA	NA	NA	NA	NA	NA	NA	NA	NA	NA	NA	NA	NA	NA	NA	NA	NA	NA	NA	NA	NA	NA
120	119	120	0.220518402002008	Node39	NA	NA	NA	NA	NA	NA	NA	NA	NA	NA	NA	NA	NA	NA	NA	NA	NA	NA	NA	NA	NA	NA	NA	NA	NA	NA	NA	NA	NA	NA	NA	NA	NA	NA	NA	NA	NA	NA	NA	NA	NA	NA	NA	NA	NA	NA	NA	NA	NA	NA	NA	NA	NA	NA	NA	NA	NA	NA	NA	NA	NA	NA	NA	NA	NA	NA	NA	NA	NA	NA	NA	NA	NA	NA	NA	NA	NA	NA	NA	NA	NA	NA	NA	NA	NA	NA	NA	NA	NA	NA	NA	NA	NA	NA	NA	NA	NA	NA	NA	NA	NA	NA	NA	NA	NA	NA
121	120	121	0.339609346290088	Node40	NA	NA	NA	NA	NA	NA	NA	NA	NA	NA	NA	NA	NA	NA	NA	NA	NA	NA	NA	NA	NA	NA	NA	NA	NA	NA	NA	NA	NA	NA	NA	NA	NA	NA	NA	NA	NA	NA	NA	NA	NA	NA	NA	NA	NA	NA	NA	NA	NA	NA	NA	NA	NA	NA	NA	NA	NA	NA	NA	NA	NA	NA	NA	NA	NA	NA	NA	NA	NA	NA	NA	NA	NA	NA	NA	NA	NA	NA	NA	NA	NA	NA	NA	NA	NA	NA	NA	NA	NA	NA	NA	NA	NA	NA	NA	NA	NA	NA	NA	NA	NA	NA	NA	NA	NA	NA
122	120	122	0.438160768121653	Node41	NA	NA	NA	NA	NA	NA	NA	NA	NA	NA	NA	NA	NA	NA	NA	NA	NA	NA	NA	NA	NA	NA	NA	NA	NA	NA	NA	NA	NA	NA	NA	NA	NA	NA	NA	NA	NA	NA	NA	NA	NA	NA	NA	NA	NA	NA	NA	NA	NA	NA	NA	NA	NA	NA	NA	NA	NA	NA	NA	NA	NA	NA	NA	NA	NA	NA	NA	NA	NA	NA	NA	NA	NA	NA	NA	NA	NA	NA	NA	NA	NA	NA	NA	NA	NA	NA	NA	NA	NA	NA	NA	NA	NA	NA	NA	NA	NA	NA	NA	NA	NA	NA	NA	NA	NA	NA
123	119	123	0.207747498251773	Node42	NA	NA	NA	NA	NA	NA	NA	NA	NA	NA	NA	NA	NA	NA	NA	NA	NA	NA	NA	NA	NA	NA	NA	NA	NA	NA	NA	NA	NA	NA	NA	NA	NA	NA	NA	NA	NA	NA	NA	NA	NA	NA	NA	NA	NA	NA	NA	NA	NA	NA	NA	NA	NA	NA	NA	NA	NA	NA	NA	NA	NA	NA	NA	NA	NA	NA	NA	NA	NA	NA	NA	NA	NA	NA	NA	NA	NA	NA	NA	NA	NA	NA	NA	NA	NA	NA	NA	NA	NA	NA	NA	NA	NA	NA	NA	NA	NA	NA	NA	NA	NA	NA	NA	NA	NA	NA
124	123	124	0.594004520833769	Node43	NA	NA	NA	NA	NA	NA	NA	NA	NA	NA	NA	NA	NA	NA	NA	NA	NA	NA	NA	NA	NA	NA	NA	NA	NA	NA	NA	NA	NA	NA	NA	NA	NA	NA	NA	NA	NA	NA	NA	NA	NA	NA	NA	NA	NA	NA	NA	NA	NA	NA	NA	NA	NA	NA	NA	NA	NA	NA	NA	NA	NA	NA	NA	NA	NA	NA	NA	NA	NA	NA	NA	NA	NA	NA	NA	NA	NA	NA	NA	NA	NA	NA	NA	NA	NA	NA	NA	NA	NA	NA	NA	NA	NA	NA	NA	NA	NA	NA	NA	NA	NA	NA	NA	NA	NA	NA
125	123	125	0.22877194497648	Node44	NA	NA	NA	NA	NA	NA	NA	NA	NA	NA	NA	NA	NA	NA	NA	NA	NA	NA	NA	NA	NA	NA	NA	NA	NA	NA	NA	NA	NA	NA	NA	NA	NA	NA	NA	NA	NA	NA	NA	NA	NA	NA	NA	NA	NA	NA	NA	NA	NA	NA	NA	NA	NA	NA	NA	NA	NA	NA	NA	NA	NA	NA	NA	NA	NA	NA	NA	NA	NA	NA	NA	NA	NA	NA	NA	NA	NA	NA	NA	NA	NA	NA	NA	NA	NA	NA	NA	NA	NA	NA	NA	NA	NA	NA	NA	NA	NA	NA	NA	NA	NA	NA	NA	NA	NA	NA
126	125	126	0.273897648121448	Node45	NA	NA	NA	NA	NA	NA	NA	NA	NA	NA	NA	NA	NA	NA	NA	NA	NA	NA	NA	NA	NA	NA	NA	NA	NA	NA	NA	NA	NA	NA	NA	NA	NA	NA	NA	NA	NA	NA	NA	NA	NA	NA	NA	NA	NA	NA	NA	NA	NA	NA	NA	NA	NA	NA	NA	NA	NA	NA	NA	NA	NA	NA	NA	NA	NA	NA	NA	NA	NA	NA	NA	NA	NA	NA	NA	NA	NA	NA	NA	NA	NA	NA	NA	NA	NA	NA	NA	NA	NA	NA	NA	NA	NA	NA	NA	NA	NA	NA	NA	NA	NA	NA	NA	NA	NA	NA
127	114	127	0.183820349759266	Node46	NA	NA	NA	NA	NA	NA	NA	NA	NA	NA	NA	NA	NA	NA	NA	NA	NA	NA	NA	NA	NA	NA	NA	NA	NA	NA	NA	NA	NA	NA	NA	NA	NA	NA	NA	NA	NA	NA	NA	NA	NA	NA	NA	NA	NA	NA	NA	NA	NA	NA	NA	NA	NA	NA	NA	NA	NA	NA	NA	NA	NA	NA	NA	NA	NA	NA	NA	NA	NA	NA	NA	NA	NA	NA	NA	NA	NA	NA	NA	NA	NA	NA	NA	NA	NA	NA	NA	NA	NA	NA	NA	NA	NA	NA	NA	NA	NA	NA	NA	NA	NA	NA	NA	NA	NA	NA
128	127	128	0.262653830783649	Node47	NA	NA	NA	NA	NA	NA	NA	NA	NA	NA	NA	NA	NA	NA	NA	NA	NA	NA	NA	NA	NA	NA	NA	NA	NA	NA	NA	NA	NA	NA	NA	NA	NA	NA	NA	NA	NA	NA	NA	NA	NA	NA	NA	NA	NA	NA	NA	NA	NA	NA	NA	NA	NA	NA	NA	NA	NA	NA	NA	NA	NA	NA	NA	NA	NA	NA	NA	NA	NA	NA	NA	NA	NA	NA	NA	NA	NA	NA	NA	NA	NA	NA	NA	NA	NA	NA	NA	NA	NA	NA	NA	NA	NA	NA	NA	NA	NA	NA	NA	NA	NA	NA	NA	NA	NA	NA
129	128	129	0.394589935572431	Node48	NA	NA	NA	NA	NA	NA	NA	NA	NA	NA	NA	NA	NA	NA	NA	NA	NA	NA	NA	NA	NA	NA	NA	NA	NA	NA	NA	NA	NA	NA	NA	NA	NA	NA	NA	NA	NA	NA	NA	NA	NA	NA	NA	NA	NA	NA	NA	NA	NA	NA	NA	NA	NA	NA	NA	NA	NA	NA	NA	NA	NA	NA	NA	NA	NA	NA	NA	NA	NA	NA	NA	NA	NA	NA	NA	NA	NA	NA	NA	NA	NA	NA	NA	NA	NA	NA	NA	NA	NA	NA	NA	NA	NA	NA	NA	NA	NA	NA	NA	NA	NA	NA	NA	NA	NA	NA
130	86	130	0.332051983834862	Node49	NA	NA	NA	NA	NA	NA	NA	NA	NA	NA	NA	NA	NA	NA	NA	NA	NA	NA	NA	NA	NA	NA	NA	NA	NA	NA	NA	NA	NA	NA	NA	NA	NA	NA	NA	NA	NA	NA	NA	NA	NA	NA	NA	NA	NA	NA	NA	NA	NA	NA	NA	NA	NA	NA	NA	NA	NA	NA	NA	NA	NA	NA	NA	NA	NA	NA	NA	NA	NA	NA	NA	NA	NA	NA	NA	NA	NA	NA	NA	NA	NA	NA	NA	NA	NA	NA	NA	NA	NA	NA	NA	NA	NA	NA	NA	NA	NA	NA	NA	NA	NA	NA	NA	NA	NA	NA
131	85	131	0.339132534211937	Node50	NA	NA	NA	NA	NA	NA	NA	NA	NA	NA	NA	NA	NA	NA	NA	NA	NA	NA	NA	NA	NA	NA	NA	NA	NA	NA	NA	NA	NA	NA	NA	NA	NA	NA	NA	NA	NA	NA	NA	NA	NA	NA	NA	NA	NA	NA	NA	NA	NA	NA	NA	NA	NA	NA	NA	NA	NA	NA	NA	NA	NA	NA	NA	NA	NA	NA	NA	NA	NA	NA	NA	NA	NA	NA	NA	NA	NA	NA	NA	NA	NA	NA	NA	NA	NA	NA	NA	NA	NA	NA	NA	NA	NA	NA	NA	NA	NA	NA	NA	NA	NA	NA	NA	NA	NA	NA
132	131	132	0.918488525981795	Node51	NA	NA	NA	NA	NA	NA	NA	NA	NA	NA	NA	NA	NA	NA	NA	NA	NA	NA	NA	NA	NA	NA	NA	NA	NA	NA	NA	NA	NA	NA	NA	NA	NA	NA	NA	NA	NA	NA	NA	NA	NA	NA	NA	NA	NA	NA	NA	NA	NA	NA	NA	NA	NA	NA	NA	NA	NA	NA	NA	NA	NA	NA	NA	NA	NA	NA	NA	NA	NA	NA	NA	NA	NA	NA	NA	NA	NA	NA	NA	NA	NA	NA	NA	NA	NA	NA	NA	NA	NA	NA	NA	NA	NA	NA	NA	NA	NA	NA	NA	NA	NA	NA	NA	NA	NA	NA
133	132	133	0.261418704264933	Node52	NA	NA	NA	NA	NA	NA	NA	NA	NA	NA	NA	NA	NA	NA	NA	NA	NA	NA	NA	NA	NA	NA	NA	NA	NA	NA	NA	NA	NA	NA	NA	NA	NA	NA	NA	NA	NA	NA	NA	NA	NA	NA	NA	NA	NA	NA	NA	NA	NA	NA	NA	NA	NA	NA	NA	NA	NA	NA	NA	NA	NA	NA	NA	NA	NA	NA	NA	NA	NA	NA	NA	NA	NA	NA	NA	NA	NA	NA	NA	NA	NA	NA	NA	NA	NA	NA	NA	NA	NA	NA	NA	NA	NA	NA	NA	NA	NA	NA	NA	NA	NA	NA	NA	NA	NA	NA
134	133	134	0.287113010919217	Node53	NA	NA	NA	NA	NA	NA	NA	NA	NA	NA	NA	NA	NA	NA	NA	NA	NA	NA	NA	NA	NA	NA	NA	NA	NA	NA	NA	NA	NA	NA	NA	NA	NA	NA	NA	NA	NA	NA	NA	NA	NA	NA	NA	NA	NA	NA	NA	NA	NA	NA	NA	NA	NA	NA	NA	NA	NA	NA	NA	NA	NA	NA	NA	NA	NA	NA	NA	NA	NA	NA	NA	NA	NA	NA	NA	NA	NA	NA	NA	NA	NA	NA	NA	NA	NA	NA	NA	NA	NA	NA	NA	NA	NA	NA	NA	NA	NA	NA	NA	NA	NA	NA	NA	NA	NA	NA
135	133	135	0.572858252584153	Node54	NA	NA	NA	NA	NA	NA	NA	NA	NA	NA	NA	NA	NA	NA	NA	NA	NA	NA	NA	NA	NA	NA	NA	NA	NA	NA	NA	NA	NA	NA	NA	NA	NA	NA	NA	NA	NA	NA	NA	NA	NA	NA	NA	NA	NA	NA	NA	NA	NA	NA	NA	NA	NA	NA	NA	NA	NA	NA	NA	NA	NA	NA	NA	NA	NA	NA	NA	NA	NA	NA	NA	NA	NA	NA	NA	NA	NA	NA	NA	NA	NA	NA	NA	NA	NA	NA	NA	NA	NA	NA	NA	NA	NA	NA	NA	NA	NA	NA	NA	NA	NA	NA	NA	NA	NA	NA
136	132	136	0.505800458469159	Node55	NA	NA	NA	NA	NA	NA	NA	NA	NA	NA	NA	NA	NA	NA	NA	NA	NA	NA	NA	NA	NA	NA	NA	NA	NA	NA	NA	NA	NA	NA	NA	NA	NA	NA	NA	NA	NA	NA	NA	NA	NA	NA	NA	NA	NA	NA	NA	NA	NA	NA	NA	NA	NA	NA	NA	NA	NA	NA	NA	NA	NA	NA	NA	NA	NA	NA	NA	NA	NA	NA	NA	NA	NA	NA	NA	NA	NA	NA	NA	NA	NA	NA	NA	NA	NA	NA	NA	NA	NA	NA	NA	NA	NA	NA	NA	NA	NA	NA	NA	NA	NA	NA	NA	NA	NA	NA
137	84	137	1.35905480368316	Node56	NA	NA	NA	NA	NA	NA	NA	NA	NA	NA	NA	NA	NA	NA	NA	NA	NA	NA	NA	NA	NA	NA	NA	NA	NA	NA	NA	NA	NA	NA	NA	NA	NA	NA	NA	NA	NA	NA	NA	NA	NA	NA	NA	NA	NA	NA	NA	NA	NA	NA	NA	NA	NA	NA	NA	NA	NA	NA	NA	NA	NA	NA	NA	NA	NA	NA	NA	NA	NA	NA	NA	NA	NA	NA	NA	NA	NA	NA	NA	NA	NA	NA	NA	NA	NA	NA	NA	NA	NA	NA	NA	NA	NA	NA	NA	NA	NA	NA	NA	NA	NA	NA	NA	NA	NA	NA
138	137	138	0.380254746139908	Node57	NA	NA	NA	NA	NA	NA	NA	NA	NA	NA	NA	NA	NA	NA	NA	NA	NA	NA	NA	NA	NA	NA	NA	NA	NA	NA	NA	NA	NA	NA	NA	NA	NA	NA	NA	NA	NA	NA	NA	NA	NA	NA	NA	NA	NA	NA	NA	NA	NA	NA	NA	NA	NA	NA	NA	NA	NA	NA	NA	NA	NA	NA	NA	NA	NA	NA	NA	NA	NA	NA	NA	NA	NA	NA	NA	NA	NA	NA	NA	NA	NA	NA	NA	NA	NA	NA	NA	NA	NA	NA	NA	NA	NA	NA	NA	NA	NA	NA	NA	NA	NA	NA	NA	NA	NA	NA
139	137	139	0.248145786982327	Node58	NA	NA	NA	NA	NA	NA	NA	NA	NA	NA	NA	NA	NA	NA	NA	NA	NA	NA	NA	NA	NA	NA	NA	NA	NA	NA	NA	NA	NA	NA	NA	NA	NA	NA	NA	NA	NA	NA	NA	NA	NA	NA	NA	NA	NA	NA	NA	NA	NA	NA	NA	NA	NA	NA	NA	NA	NA	NA	NA	NA	NA	NA	NA	NA	NA	NA	NA	NA	NA	NA	NA	NA	NA	NA	NA	NA	NA	NA	NA	NA	NA	NA	NA	NA	NA	NA	NA	NA	NA	NA	NA	NA	NA	NA	NA	NA	NA	NA	NA	NA	NA	NA	NA	NA	NA	NA
140	139	140	0.924119024927756	Node59	NA	NA	NA	NA	NA	NA	NA	NA	NA	NA	NA	NA	NA	NA	NA	NA	NA	NA	NA	NA	NA	NA	NA	NA	NA	NA	NA	NA	NA	NA	NA	NA	NA	NA	NA	NA	NA	NA	NA	NA	NA	NA	NA	NA	NA	NA	NA	NA	NA	NA	NA	NA	NA	NA	NA	NA	NA	NA	NA	NA	NA	NA	NA	NA	NA	NA	NA	NA	NA	NA	NA	NA	NA	NA	NA	NA	NA	NA	NA	NA	NA	NA	NA	NA	NA	NA	NA	NA	NA	NA	NA	NA	NA	NA	NA	NA	NA	NA	NA	NA	NA	NA	NA	NA	NA	NA
141	140	141	0.228207906736435	Node60	NA	NA	NA	NA	NA	NA	NA	NA	NA	NA	NA	NA	NA	NA	NA	NA	NA	NA	NA	NA	NA	NA	NA	NA	NA	NA	NA	NA	NA	NA	NA	NA	NA	NA	NA	NA	NA	NA	NA	NA	NA	NA	NA	NA	NA	NA	NA	NA	NA	NA	NA	NA	NA	NA	NA	NA	NA	NA	NA	NA	NA	NA	NA	NA	NA	NA	NA	NA	NA	NA	NA	NA	NA	NA	NA	NA	NA	NA	NA	NA	NA	NA	NA	NA	NA	NA	NA	NA	NA	NA	NA	NA	NA	NA	NA	NA	NA	NA	NA	NA	NA	NA	NA	NA	NA	NA
142	141	142	0.297392643469941	Node61	NA	NA	NA	NA	NA	NA	NA	NA	NA	NA	NA	NA	NA	NA	NA	NA	NA	NA	NA	NA	NA	NA	NA	NA	NA	NA	NA	NA	NA	NA	NA	NA	NA	NA	NA	NA	NA	NA	NA	NA	NA	NA	NA	NA	NA	NA	NA	NA	NA	NA	NA	NA	NA	NA	NA	NA	NA	NA	NA	NA	NA	NA	NA	NA	NA	NA	NA	NA	NA	NA	NA	NA	NA	NA	NA	NA	NA	NA	NA	NA	NA	NA	NA	NA	NA	NA	NA	NA	NA	NA	NA	NA	NA	NA	NA	NA	NA	NA	NA	NA	NA	NA	NA	NA	NA	NA
143	142	143	0.273869338232691	Node62	NA	NA	NA	NA	NA	NA	NA	NA	NA	NA	NA	NA	NA	NA	NA	NA	NA	NA	NA	NA	NA	NA	NA	NA	NA	NA	NA	NA	NA	NA	NA	NA	NA	NA	NA	NA	NA	NA	NA	NA	NA	NA	NA	NA	NA	NA	NA	NA	NA	NA	NA	NA	NA	NA	NA	NA	NA	NA	NA	NA	NA	NA	NA	NA	NA	NA	NA	NA	NA	NA	NA	NA	NA	NA	NA	NA	NA	NA	NA	NA	NA	NA	NA	NA	NA	NA	NA	NA	NA	NA	NA	NA	NA	NA	NA	NA	NA	NA	NA	NA	NA	NA	NA	NA	NA	NA
144	141	144	0.625499383294303	Node63	NA	NA	NA	NA	NA	NA	NA	NA	NA	NA	NA	NA	NA	NA	NA	NA	NA	NA	NA	NA	NA	NA	NA	NA	NA	NA	NA	NA	NA	NA	NA	NA	NA	NA	NA	NA	NA	NA	NA	NA	NA	NA	NA	NA	NA	NA	NA	NA	NA	NA	NA	NA	NA	NA	NA	NA	NA	NA	NA	NA	NA	NA	NA	NA	NA	NA	NA	NA	NA	NA	NA	NA	NA	NA	NA	NA	NA	NA	NA	NA	NA	NA	NA	NA	NA	NA	NA	NA	NA	NA	NA	NA	NA	NA	NA	NA	NA	NA	NA	NA	NA	NA	NA	NA	NA	NA
145	140	145	0.228402687857755	Node64	NA	NA	NA	NA	NA	NA	NA	NA	NA	NA	NA	NA	NA	NA	NA	NA	NA	NA	NA	NA	NA	NA	NA	NA	NA	NA	NA	NA	NA	NA	NA	NA	NA	NA	NA	NA	NA	NA	NA	NA	NA	NA	NA	NA	NA	NA	NA	NA	NA	NA	NA	NA	NA	NA	NA	NA	NA	NA	NA	NA	NA	NA	NA	NA	NA	NA	NA	NA	NA	NA	NA	NA	NA	NA	NA	NA	NA	NA	NA	NA	NA	NA	NA	NA	NA	NA	NA	NA	NA	NA	NA	NA	NA	NA	NA	NA	NA	NA	NA	NA	NA	NA	NA	NA	NA	NA
146	145	146	0.132183383817717	Node65	NA	NA	NA	NA	NA	NA	NA	NA	NA	NA	NA	NA	NA	NA	NA	NA	NA	NA	NA	NA	NA	NA	NA	NA	NA	NA	NA	NA	NA	NA	NA	NA	NA	NA	NA	NA	NA	NA	NA	NA	NA	NA	NA	NA	NA	NA	NA	NA	NA	NA	NA	NA	NA	NA	NA	NA	NA	NA	NA	NA	NA	NA	NA	NA	NA	NA	NA	NA	NA	NA	NA	NA	NA	NA	NA	NA	NA	NA	NA	NA	NA	NA	NA	NA	NA	NA	NA	NA	NA	NA	NA	NA	NA	NA	NA	NA	NA	NA	NA	NA	NA	NA	NA	NA	NA	NA
147	146	147	0.190051337785794	Node66	NA	NA	NA	NA	NA	NA	NA	NA	NA	NA	NA	NA	NA	NA	NA	NA	NA	NA	NA	NA	NA	NA	NA	NA	NA	NA	NA	NA	NA	NA	NA	NA	NA	NA	NA	NA	NA	NA	NA	NA	NA	NA	NA	NA	NA	NA	NA	NA	NA	NA	NA	NA	NA	NA	NA	NA	NA	NA	NA	NA	NA	NA	NA	NA	NA	NA	NA	NA	NA	NA	NA	NA	NA	NA	NA	NA	NA	NA	NA	NA	NA	NA	NA	NA	NA	NA	NA	NA	NA	NA	NA	NA	NA	NA	NA	NA	NA	NA	NA	NA	NA	NA	NA	NA	NA	NA
148	147	148	0.334125301931873	Node67	NA	NA	NA	NA	NA	NA	NA	NA	NA	NA	NA	NA	NA	NA	NA	NA	NA	NA	NA	NA	NA	NA	NA	NA	NA	NA	NA	NA	NA	NA	NA	NA	NA	NA	NA	NA	NA	NA	NA	NA	NA	NA	NA	NA	NA	NA	NA	NA	NA	NA	NA	NA	NA	NA	NA	NA	NA	NA	NA	NA	NA	NA	NA	NA	NA	NA	NA	NA	NA	NA	NA	NA	NA	NA	NA	NA	NA	NA	NA	NA	NA	NA	NA	NA	NA	NA	NA	NA	NA	NA	NA	NA	NA	NA	NA	NA	NA	NA	NA	NA	NA	NA	NA	NA	NA	NA
149	146	149	0.377828191870692	Node68	NA	NA	NA	NA	NA	NA	NA	NA	NA	NA	NA	NA	NA	NA	NA	NA	NA	NA	NA	NA	NA	NA	NA	NA	NA	NA	NA	NA	NA	NA	NA	NA	NA	NA	NA	NA	NA	NA	NA	NA	NA	NA	NA	NA	NA	NA	NA	NA	NA	NA	NA	NA	NA	NA	NA	NA	NA	NA	NA	NA	NA	NA	NA	NA	NA	NA	NA	NA	NA	NA	NA	NA	NA	NA	NA	NA	NA	NA	NA	NA	NA	NA	NA	NA	NA	NA	NA	NA	NA	NA	NA	NA	NA	NA	NA	NA	NA	NA	NA	NA	NA	NA	NA	NA	NA	NA
150	145	150	0.442945170165085	Node69	NA	NA	NA	NA	NA	NA	NA	NA	NA	NA	NA	NA	NA	NA	NA	NA	NA	NA	NA	NA	NA	NA	NA	NA	NA	NA	NA	NA	NA	NA	NA	NA	NA	NA	NA	NA	NA	NA	NA	NA	NA	NA	NA	NA	NA	NA	NA	NA	NA	NA	NA	NA	NA	NA	NA	NA	NA	NA	NA	NA	NA	NA	NA	NA	NA	NA	NA	NA	NA	NA	NA	NA	NA	NA	NA	NA	NA	NA	NA	NA	NA	NA	NA	NA	NA	NA	NA	NA	NA	NA	NA	NA	NA	NA	NA	NA	NA	NA	NA	NA	NA	NA	NA	NA	NA	NA
151	150	151	0.292828471019321	Node70	NA	NA	NA	NA	NA	NA	NA	NA	NA	NA	NA	NA	NA	NA	NA	NA	NA	NA	NA	NA	NA	NA	NA	NA	NA	NA	NA	NA	NA	NA	NA	NA	NA	NA	NA	NA	NA	NA	NA	NA	NA	NA	NA	NA	NA	NA	NA	NA	NA	NA	NA	NA	NA	NA	NA	NA	NA	NA	NA	NA	NA	NA	NA	NA	NA	NA	NA	NA	NA	NA	NA	NA	NA	NA	NA	NA	NA	NA	NA	NA	NA	NA	NA	NA	NA	NA	NA	NA	NA	NA	NA	NA	NA	NA	NA	NA	NA	NA	NA	NA	NA	NA	NA	NA	NA	NA
152	150	152	0.419531058779833	Node71	NA	NA	NA	NA	NA	NA	NA	NA	NA	NA	NA	NA	NA	NA	NA	NA	NA	NA	NA	NA	NA	NA	NA	NA	NA	NA	NA	NA	NA	NA	NA	NA	NA	NA	NA	NA	NA	NA	NA	NA	NA	NA	NA	NA	NA	NA	NA	NA	NA	NA	NA	NA	NA	NA	NA	NA	NA	NA	NA	NA	NA	NA	NA	NA	NA	NA	NA	NA	NA	NA	NA	NA	NA	NA	NA	NA	NA	NA	NA	NA	NA	NA	NA	NA	NA	NA	NA	NA	NA	NA	NA	NA	NA	NA	NA	NA	NA	NA	NA	NA	NA	NA	NA	NA	NA	NA
153	139	153	0.050334119123041	Node72	NA	NA	NA	NA	NA	NA	NA	NA	NA	NA	NA	NA	NA	NA	NA	NA	NA	NA	NA	NA	NA	NA	NA	NA	NA	NA	NA	NA	NA	NA	NA	NA	NA	NA	NA	NA	NA	NA	NA	NA	NA	NA	NA	NA	NA	NA	NA	NA	NA	NA	NA	NA	NA	NA	NA	NA	NA	NA	NA	NA	NA	NA	NA	NA	NA	NA	NA	NA	NA	NA	NA	NA	NA	NA	NA	NA	NA	NA	NA	NA	NA	NA	NA	NA	NA	NA	NA	NA	NA	NA	NA	NA	NA	NA	NA	NA	NA	NA	NA	NA	NA	NA	NA	NA	NA	NA
154	153	154	1.02905225484524	Node73	NA	NA	NA	NA	NA	NA	NA	NA	NA	NA	NA	NA	NA	NA	NA	NA	NA	NA	NA	NA	NA	NA	NA	NA	NA	NA	NA	NA	NA	NA	NA	NA	NA	NA	NA	NA	NA	NA	NA	NA	NA	NA	NA	NA	NA	NA	NA	NA	NA	NA	NA	NA	NA	NA	NA	NA	NA	NA	NA	NA	NA	NA	NA	NA	NA	NA	NA	NA	NA	NA	NA	NA	NA	NA	NA	NA	NA	NA	NA	NA	NA	NA	NA	NA	NA	NA	NA	NA	NA	NA	NA	NA	NA	NA	NA	NA	NA	NA	NA	NA	NA	NA	NA	NA	NA	NA
155	154	155	0.143824075518257	Node74	NA	NA	NA	NA	NA	NA	NA	NA	NA	NA	NA	NA	NA	NA	NA	NA	NA	NA	NA	NA	NA	NA	NA	NA	NA	NA	NA	NA	NA	NA	NA	NA	NA	NA	NA	NA	NA	NA	NA	NA	NA	NA	NA	NA	NA	NA	NA	NA	NA	NA	NA	NA	NA	NA	NA	NA	NA	NA	NA	NA	NA	NA	NA	NA	NA	NA	NA	NA	NA	NA	NA	NA	NA	NA	NA	NA	NA	NA	NA	NA	NA	NA	NA	NA	NA	NA	NA	NA	NA	NA	NA	NA	NA	NA	NA	NA	NA	NA	NA	NA	NA	NA	NA	NA	NA	NA
156	155	156	0.190082528259182	Node75	NA	NA	NA	NA	NA	NA	NA	NA	NA	NA	NA	NA	NA	NA	NA	NA	NA	NA	NA	NA	NA	NA	NA	NA	NA	NA	NA	NA	NA	NA	NA	NA	NA	NA	NA	NA	NA	NA	NA	NA	NA	NA	NA	NA	NA	NA	NA	NA	NA	NA	NA	NA	NA	NA	NA	NA	NA	NA	NA	NA	NA	NA	NA	NA	NA	NA	NA	NA	NA	NA	NA	NA	NA	NA	NA	NA	NA	NA	NA	NA	NA	NA	NA	NA	NA	NA	NA	NA	NA	NA	NA	NA	NA	NA	NA	NA	NA	NA	NA	NA	NA	NA	NA	NA	NA	NA
157	156	157	0.414733441811226	Node76	NA	NA	NA	NA	NA	NA	NA	NA	NA	NA	NA	NA	NA	NA	NA	NA	NA	NA	NA	NA	NA	NA	NA	NA	NA	NA	NA	NA	NA	NA	NA	NA	NA	NA	NA	NA	NA	NA	NA	NA	NA	NA	NA	NA	NA	NA	NA	NA	NA	NA	NA	NA	NA	NA	NA	NA	NA	NA	NA	NA	NA	NA	NA	NA	NA	NA	NA	NA	NA	NA	NA	NA	NA	NA	NA	NA	NA	NA	NA	NA	NA	NA	NA	NA	NA	NA	NA	NA	NA	NA	NA	NA	NA	NA	NA	NA	NA	NA	NA	NA	NA	NA	NA	NA	NA	NA
158	155	158	0.383731963391496	Node77	NA	NA	NA	NA	NA	NA	NA	NA	NA	NA	NA	NA	NA	NA	NA	NA	NA	NA	NA	NA	NA	NA	NA	NA	NA	NA	NA	NA	NA	NA	NA	NA	NA	NA	NA	NA	NA	NA	NA	NA	NA	NA	NA	NA	NA	NA	NA	NA	NA	NA	NA	NA	NA	NA	NA	NA	NA	NA	NA	NA	NA	NA	NA	NA	NA	NA	NA	NA	NA	NA	NA	NA	NA	NA	NA	NA	NA	NA	NA	NA	NA	NA	NA	NA	NA	NA	NA	NA	NA	NA	NA	NA	NA	NA	NA	NA	NA	NA	NA	NA	NA	NA	NA	NA	NA	NA
159	154	159	0.123080339462278	Node78	NA	NA	NA	NA	NA	NA	NA	NA	NA	NA	NA	NA	NA	NA	NA	NA	NA	NA	NA	NA	NA	NA	NA	NA	NA	NA	NA	NA	NA	NA	NA	NA	NA	NA	NA	NA	NA	NA	NA	NA	NA	NA	NA	NA	NA	NA	NA	NA	NA	NA	NA	NA	NA	NA	NA	NA	NA	NA	NA	NA	NA	NA	NA	NA	NA	NA	NA	NA	NA	NA	NA	NA	NA	NA	NA	NA	NA	NA	NA	NA	NA	NA	NA	NA	NA	NA	NA	NA	NA	NA	NA	NA	NA	NA	NA	NA	NA	NA	NA	NA	NA	NA	NA	NA	NA	NA
160	159	160	0.0913912751328298	Node79	NA	NA	NA	NA	NA	NA	NA	NA	NA	NA	NA	NA	NA	NA	NA	NA	NA	NA	NA	NA	NA	NA	NA	NA	NA	NA	NA	NA	NA	NA	NA	NA	NA	NA	NA	NA	NA	NA	NA	NA	NA	NA	NA	NA	NA	NA	NA	NA	NA	NA	NA	NA	NA	NA	NA	NA	NA	NA	NA	NA	NA	NA	NA	NA	NA	NA	NA	NA	NA	NA	NA	NA	NA	NA	NA	NA	NA	NA	NA	NA	NA	NA	NA	NA	NA	NA	NA	NA	NA	NA	NA	NA	NA	NA	NA	NA	NA	NA	NA	NA	NA	NA	NA	NA	NA	NA
161	160	161	0.381087544158659	Node80	NA	NA	NA	NA	NA	NA	NA	NA	NA	NA	NA	NA	NA	NA	NA	NA	NA	NA	NA	NA	NA	NA	NA	NA	NA	NA	NA	NA	NA	NA	NA	NA	NA	NA	NA	NA	NA	NA	NA	NA	NA	NA	NA	NA	NA	NA	NA	NA	NA	NA	NA	NA	NA	NA	NA	NA	NA	NA	NA	NA	NA	NA	NA	NA	NA	NA	NA	NA	NA	NA	NA	NA	NA	NA	NA	NA	NA	NA	NA	NA	NA	NA	NA	NA	NA	NA	NA	NA	NA	NA	NA	NA	NA	NA	NA	NA	NA	NA	NA	NA	NA	NA	NA	NA	NA	NA
162	159	162	0.2639192639604	Node81	NA	NA	NA	NA	NA	NA	NA	NA	NA	NA	NA	NA	NA	NA	NA	NA	NA	NA	NA	NA	NA	NA	NA	NA	NA	NA	NA	NA	NA	NA	NA	NA	NA	NA	NA	NA	NA	NA	NA	NA	NA	NA	NA	NA	NA	NA	NA	NA	NA	NA	NA	NA	NA	NA	NA	NA	NA	NA	NA	NA	NA	NA	NA	NA	NA	NA	NA	NA	NA	NA	NA	NA	NA	NA	NA	NA	NA	NA	NA	NA	NA	NA	NA	NA	NA	NA	NA	NA	NA	NA	NA	NA	NA	NA	NA	NA	NA	NA	NA	NA	NA	NA	NA	NA	NA	NA
163	162	163	0.29164510097809	Node82	NA	NA	NA	NA	NA	NA	NA	NA	NA	NA	NA	NA	NA	NA	NA	NA	NA	NA	NA	NA	NA	NA	NA	NA	NA	NA	NA	NA	NA	NA	NA	NA	NA	NA	NA	NA	NA	NA	NA	NA	NA	NA	NA	NA	NA	NA	NA	NA	NA	NA	NA	NA	NA	NA	NA	NA	NA	NA	NA	NA	NA	NA	NA	NA	NA	NA	NA	NA	NA	NA	NA	NA	NA	NA	NA	NA	NA	NA	NA	NA	NA	NA	NA	NA	NA	NA	NA	NA	NA	NA	NA	NA	NA	NA	NA	NA	NA	NA	NA	NA	NA	NA	NA	NA	NA	NA
